timestamp,Fecha_Satelite_UTC,Fecha_Captura_Chile,Volcan,Sensor,VRP_MW,Distancia_km,Tipo_Registro,Clasificacion Mirova,Ruta Foto,Fecha_Proceso_GitHub,Ultima_Actualizacion,Editado
1774074600,2026-03-21 06:30:00,2026-03-21 03:30:00,Tupungatito,VIIRS375,0.26,5.05,ALERTA_TERMICA,Muy Bajo,imagenes_satelitales/Tupungatito/2026-03-21/06-30-00_Tupungatito_VIIRS375_Latest.png,2026-03-21 07:20:44,2026-03-21 11:25:43,NO
1774074600,2026-03-21 06:30:00,2026-03-21 03:30:00,Lastarria,VIIRS375,0.06,2.4,ALERTA_TERMICA,Muy Bajo,imagenes_satelitales/Lastarria/2026-03-21/06-30-00_Lastarria_VIIRS375_Latest.png,2026-03-21 07:20:44,2026-03-21 11:25:43,NO
1774069561,2026-03-21 05:06:01,2026-03-21 02:06:01,Lascar,VIIRS375,1.69,1.55,ALERTA_TERMICA,Bajo,imagenes_satelitales/Lascar/2026-03-21/05-06-01_Lascar_VIIRS375_Latest.png,2026-03-21 04:50:43,2026-03-21 07:15:47,NO
1774069561,2026-03-21 05:06:01,2026-03-21 02:06:01,Lascar,VIIRS,1.45,2.25,ALERTA_TERMICA,Bajo,imagenes_satelitales/Lascar/2026-03-21/05-06-01_Lascar_VIIRS750_Latest.png,2026-03-21 04:35:47,2026-03-21 06:45:46,NO
1774069561,2026-03-21 05:06:01,2026-03-21 02:06:01,Isluga,VIIRS375,0.63,1.06,ALERTA_TERMICA,Muy Bajo,imagenes_satelitales/Isluga/2026-03-21/05-06-01_Isluga_VIIRS375_Latest.png,2026-03-21 04:50:43,2026-03-21 07:15:47,NO
1774069561,2026-03-21 05:06:01,2026-03-21 02:06:01,Isluga,VIIRS,0.2,0.75,ALERTA_TERMICA,Muy Bajo,imagenes_satelitales/Isluga/2026-03-21/05-06-01_Isluga_VIIRS750_Latest.png,2026-03-21 04:35:47,2026-03-21 06:45:46,NO
1774056900,2026-03-21 01:35:00,2026-03-20 22:35:00,Lascar,MODIS,2.64,1.41,ALERTA_TERMICA,Bajo,imagenes_satelitales/Lascar/2026-03-21/01-35-00_Lascar_MODIS_Latest.png,2026-03-20 23:50:46,2026-03-21 10:45:42,NO
1773992400,2026-03-20 07:40:00,2026-03-20 04:40:00,Lascar,MODIS,3.82,2.0,ALERTA_TERMICA,Bajo,imagenes_satelitales/Lascar/2026-03-20/07-40-00_Lascar_MODIS_Latest.png,2026-03-20 07:05:48,2026-03-20 12:00:54,NO
1773984601,2026-03-20 05:30:01,2026-03-20 02:30:01,Puyehue-Cordon Caulle,VIIRS375,0.1,8.1,ALERTA_TERMICA,Muy Bajo,imagenes_satelitales/Puyehue-Cordon Caulle/2026-03-20/05-30-01_Puyehue-Cordon Caulle_VIIRS375_Latest.png,2026-03-20 05:35:45,2026-03-20 07:45:46,NO
1773984601,2026-03-20 05:30:01,2026-03-20 02:30:01,Lascar,VIIRS375,3.19,1.55,ALERTA_TERMICA,Bajo,imagenes_satelitales/Lascar/2026-03-20/05-30-01_Lascar_VIIRS375_Latest.png,2026-03-20 05:35:45,2026-03-20 16:15:48,NO
1773984601,2026-03-20 05:30:01,2026-03-20 02:30:01,Tupungatito,VIIRS375,0.25,5.21,ALERTA_TERMICA,Muy Bajo,imagenes_satelitales/Tupungatito/2026-03-20/05-30-01_Tupungatito_VIIRS375_Latest.png,2026-03-20 05:35:45,2026-03-20 07:45:46,NO
1773984601,2026-03-20 05:30:01,2026-03-20 02:30:01,Lascar,VIIRS,3.28,1.68,ALERTA_TERMICA,Bajo,imagenes_satelitales/Lascar/2026-03-20/05-30-01_Lascar_VIIRS750_Latest.png,2026-03-20 05:35:45,2026-03-20 17:15:49,NO
1773984241,2026-03-20 05:24:01,2026-03-20 02:24:01,Isluga,VIIRS375,0.46,0.75,ALERTA_TERMICA,Muy Bajo,imagenes_satelitales/Isluga/2026-03-20/05-24-01_Isluga_VIIRS375_Latest.png,2026-03-20 05:35:45,2026-03-20 07:45:46,NO
1773943921,2026-03-19 18:12:01,2026-03-19 15:12:01,Lascar,VIIRS375,1.26,0.75,ALERTA_TERMICA,Bajo,imagenes_satelitales/Lascar/2026-03-19/18-12-01_Lascar_VIIRS375_Latest.png,2026-03-19 19:20:55,2026-03-20 05:30:46,NO
1773899281,2026-03-19 05:48:01,2026-03-19 02:48:01,Lascar,VIIRS375,2.76,1.19,ALERTA_TERMICA,Bajo,imagenes_satelitales/Lascar/2026-03-19/05-48-01_Lascar_VIIRS375_Latest.png,2026-03-19 06:05:43,2026-03-19 18:40:46,NO
1773899281,2026-03-19 05:48:01,2026-03-19 02:48:01,Lascar,VIIRS,2.96,1.5,ALERTA_TERMICA,Bajo,imagenes_satelitales/Lascar/2026-03-19/05-48-01_Lascar_VIIRS750_Latest.png,2026-03-19 05:35:51,2026-03-19 17:45:47,NO
1773899281,2026-03-19 05:48:01,2026-03-19 02:48:01,Tupungatito,VIIRS375,0.1,5.21,ALERTA_TERMICA,Muy Bajo,imagenes_satelitales/Tupungatito/2026-03-19/05-48-01_Tupungatito_VIIRS375_Latest.png,2026-03-19 06:05:43,2026-03-19 18:40:46,NO
1773899281,2026-03-19 05:48:01,2026-03-19 02:48:01,Isluga,VIIRS375,0.35,0.53,ALERTA_TERMICA,Muy Bajo,imagenes_satelitales/Isluga/2026-03-19/05-48-01_Isluga_VIIRS375_Latest.png,2026-03-19 06:05:43,2026-03-19 18:40:46,NO
1773899281,2026-03-19 05:48:01,2026-03-19 02:48:01,PlanchonPeteroa,VIIRS375,0.27,1.91,ALERTA_TERMICA,Muy Bajo,imagenes_satelitales/PlanchonPeteroa/2026-03-19/05-48-01_PlanchonPeteroa_VIIRS375_Latest.png,2026-03-19 06:05:43,2026-03-19 18:40:46,NO
1773885300,2026-03-19 01:55:00,2026-03-18 22:55:00,Lascar,MODIS,2.01,1.41,ALERTA_TERMICA,Bajo,imagenes_satelitales/Lascar/2026-03-19/01-55-00_Lascar_MODIS_Latest.png,2026-03-19 00:20:52,2026-03-19 07:00:47,NO
1773857160,2026-03-18 18:06:00,2026-03-18 15:06:00,Puyehue-Cordon Caulle,VIIRS375,0.52,12.11,ALERTA_TERMICA,Muy Bajo,imagenes_satelitales/Puyehue-Cordon Caulle/2026-03-18/18-06-00_Puyehue-Cordon Caulle_VIIRS375_Latest.png,2026-03-18 18:50:44,2026-03-18 19:30:46,NO
1773813961,2026-03-18 06:06:01,2026-03-18 03:06:01,PlanchonPeteroa,VIIRS375,0.09,2.02,ALERTA_TERMICA,Muy Bajo,imagenes_satelitales/PlanchonPeteroa/2026-03-18/06-06-01_PlanchonPeteroa_VIIRS375_Latest.png,2026-03-18 07:05:47,2026-03-18 18:50:44,NO
1773813961,2026-03-18 06:06:01,2026-03-18 03:06:01,Lascar,VIIRS375,1.77,1.55,ALERTA_TERMICA,Bajo,imagenes_satelitales/Lascar/2026-03-18/06-06-01_Lascar_VIIRS375_Latest.png,2026-03-18 07:05:47,2026-03-18 18:45:46,NO
1773813961,2026-03-18 06:06:01,2026-03-18 03:06:01,Lascar,VIIRS,2.16,1.68,ALERTA_TERMICA,Bajo,imagenes_satelitales/Lascar/2026-03-18/06-06-01_Lascar_VIIRS750_Latest.png,2026-03-18 06:35:44,2026-03-18 18:00:50,NO
1773813961,2026-03-18 06:06:01,2026-03-18 03:06:01,Tupungatito,VIIRS375,0.21,5.21,ALERTA_TERMICA,Muy Bajo,imagenes_satelitales/Tupungatito/2026-03-18/06-06-01_Tupungatito_VIIRS375_Latest.png,2026-03-18 07:05:47,2026-03-18 18:45:46,NO
1773796500,2026-03-18 01:15:00,2026-03-17 22:15:00,Lascar,MODIS,0.27,1.0,ALERTA_TERMICA,Muy Bajo,imagenes_satelitales/Lascar/2026-03-18/01-15-00_Lascar_MODIS_Latest.png,2026-03-17 23:50:46,2026-03-18 07:00:50,NO
1773753300,2026-03-17 13:15:00,2026-03-17 10:15:00,Nevados de Chillan,MODIS,1.06,1.41,ALERTA_TERMICA,Bajo,imagenes_satelitales/Nevados de Chillan/2026-03-17/13-15-00_Nevados de Chillan_MODIS_Latest.png,2026-03-17 12:05:46,2026-03-17 20:15:48,NO
1773732000,2026-03-17 07:20:00,2026-03-17 04:20:00,Lascar,MODIS,1.19,1.0,ALERTA_TERMICA,Bajo,imagenes_satelitales/Lascar/2026-03-17/07-20-00_Lascar_MODIS_Latest.png,2026-03-17 06:50:48,2026-03-17 11:30:51,NO
1773728641,2026-03-17 06:24:01,2026-03-17 03:24:01,Lastarria,VIIRS375,0.12,1.55,ALERTA_TERMICA,Muy Bajo,imagenes_satelitales/Lastarria/2026-03-17/06-24-01_Lastarria_VIIRS375_Latest.png,2026-03-17 06:50:48,2026-03-17 19:10:48,NO
1773728641,2026-03-17 06:24:01,2026-03-17 03:24:01,Isluga,VIIRS375,0.05,0.53,ALERTA_TERMICA,Muy Bajo,imagenes_satelitales/Isluga/2026-03-17/06-24-01_Isluga_VIIRS375_Latest.png,2026-03-17 06:20:49,2026-03-17 19:10:48,NO
1773642240,2026-03-16 06:24:00,2026-03-16 03:24:00,Lastarria,VIIRS375,0.09,1.55,ALERTA_TERMICA,Muy Bajo,imagenes_satelitales/Lastarria/2026-03-16/06-24-00_Lastarria_VIIRS375_Latest.png,2026-03-16 08:05:48,2026-03-16 19:15:47,NO
1773642240,2026-03-16 06:24:00,2026-03-16 03:24:00,Lascar,VIIRS,0.51,1.5,ALERTA_TERMICA,Muy Bajo,imagenes_satelitales/Lascar/2026-03-16/06-24-00_Lascar_VIIRS750_Latest.png,2026-03-16 07:35:45,2026-03-16 18:00:51,NO
1773637201,2026-03-16 05:00:01,2026-03-16 02:00:01,Isluga,VIIRS375,0.57,1.13,ALERTA_TERMICA,Muy Bajo,imagenes_satelitales/Isluga/2026-03-16/05-00-01_Isluga_VIIRS375_Latest.png,2026-03-16 05:05:44,2026-03-16 07:30:49,NO
1773637201,2026-03-16 05:00:01,2026-03-16 02:00:01,Lascar,VIIRS,0.92,1.5,ALERTA_TERMICA,Muy Bajo,imagenes_satelitales/Lascar/2026-03-16/05-00-01_Lascar_VIIRS750_Latest.png,2026-03-16 05:05:44,2026-03-16 07:30:49,NO
1773637201,2026-03-16 05:00:01,2026-03-16 02:00:01,Lascar,VIIRS375,0.83,1.55,ALERTA_TERMICA,Muy Bajo,imagenes_satelitales/Lascar/2026-03-16/05-00-01_Lascar_VIIRS375_Latest.png,2026-03-16 05:05:44,2026-03-16 08:00:53,NO
1773624900,2026-03-16 01:35:00,2026-03-15 22:35:00,Lascar,MODIS,1.81,1.0,ALERTA_TERMICA,Bajo,imagenes_satelitales/Lascar/2026-03-16/01-35-00_Lascar_MODIS_Latest.png,2026-03-15 23:50:46,2026-03-16 05:45:46,NO
1773596881,2026-03-15 17:48:01,2026-03-15 14:48:01,Lascar,VIIRS375,0.9,1.19,ALERTA_TERMICA,Muy Bajo,imagenes_satelitales/Lascar/2026-03-15/17-48-01_Lascar_VIIRS375_Latest.png,2026-03-15 18:05:42,2026-03-15 18:30:48,NO
1773560700,2026-03-15 07:45:00,2026-03-15 04:45:00,Lascar,MODIS,2.22,1.41,ALERTA_TERMICA,Bajo,imagenes_satelitales/Lascar/2026-03-15/07-45-00_Lascar_MODIS_Latest.png,2026-03-15 07:05:46,2026-03-15 11:30:49,NO
1773552241,2026-03-15 05:24:01,2026-03-15 02:24:01,Lascar,VIIRS,1.94,1.68,ALERTA_TERMICA,Bajo,imagenes_satelitales/Lascar/2026-03-15/05-24-01_Lascar_VIIRS750_Latest.png,2026-03-15 04:50:45,2026-03-15 07:00:49,NO
1773552241,2026-03-15 05:24:01,2026-03-15 02:24:01,Lascar,VIIRS375,1.73,1.55,ALERTA_TERMICA,Bajo,imagenes_satelitales/Lascar/2026-03-15/05-24-01_Lascar_VIIRS375_Latest.png,2026-03-15 04:50:45,2026-03-15 07:00:49,NO
1773551881,2026-03-15 05:18:01,2026-03-15 02:18:01,Isluga,VIIRS375,0.2,0.84,ALERTA_TERMICA,Muy Bajo,imagenes_satelitales/Isluga/2026-03-15/05-18-01_Isluga_VIIRS375_Latest.png,2026-03-15 04:50:45,2026-03-15 07:00:49,NO
1773511561,2026-03-14 18:06:01,2026-03-14 15:06:01,Lascar,VIIRS375,1.14,0.75,ALERTA_TERMICA,Bajo,imagenes_satelitales/Lascar/2026-03-14/18-06-01_Lascar_VIIRS375_Latest.png,2026-03-14 18:20:47,2026-03-15 04:45:44,NO
1773471900,2026-03-14 07:05:00,2026-03-14 04:05:00,Lascar,MODIS,0.97,1.41,ALERTA_TERMICA,Muy Bajo,imagenes_satelitales/Lascar/2026-03-14/07-05-00_Lascar_MODIS_Latest.png,2026-03-14 07:05:42,2026-03-14 12:00:50,NO
1773466921,2026-03-14 05:42:01,2026-03-14 02:42:01,Lascar,VIIRS375,2.72,1.19,ALERTA_TERMICA,Bajo,imagenes_satelitales/Lascar/2026-03-14/05-42-01_Lascar_VIIRS375_Latest.png,2026-03-14 05:35:47,2026-03-14 18:15:46,NO
1773466921,2026-03-14 05:42:01,2026-03-14 02:42:01,Isluga,VIIRS375,0.24,0.53,ALERTA_TERMICA,Muy Bajo,imagenes_satelitales/Isluga/2026-03-14/05-42-01_Isluga_VIIRS375_Latest.png,2026-03-14 05:35:47,2026-03-14 18:30:47,NO
1773466921,2026-03-14 05:42:01,2026-03-14 02:42:01,Lascar,VIIRS,3.39,1.5,ALERTA_TERMICA,Bajo,imagenes_satelitales/Lascar/2026-03-14/05-42-01_Lascar_VIIRS750_Latest.png,2026-03-14 05:20:46,2026-03-14 19:00:49,NO
1773453300,2026-03-14 01:55:00,2026-03-13 22:55:00,Lascar,MODIS,2.44,1.41,ALERTA_TERMICA,Bajo,imagenes_satelitales/Lascar/2026-03-14/01-55-00_Lascar_MODIS_Latest.png,2026-03-14 00:35:42,2026-03-14 07:00:54,NO
1773426241,2026-03-13 18:24:01,2026-03-13 15:24:01,Lascar,VIIRS375,1.96,0.75,ALERTA_TERMICA,Bajo,imagenes_satelitales/Lascar/2026-03-13/18-24-01_Lascar_VIIRS375_Latest.png,2026-03-13 19:05:47,2026-03-14 05:30:56,NO
1773425160,2026-03-13 18:06:00,2026-03-13 15:06:00,Lascar,VIIRS375,1.59,0.84,ALERTA_TERMICA,Bajo,imagenes_satelitales/Lascar/2026-03-13/18-06-00_Lascar_VIIRS375_Latest.png,2026-03-13 18:20:40,2026-03-13 19:00:49,NO
1773381961,2026-03-13 06:06:01,2026-03-13 03:06:01,Puyehue-Cordon Caulle,VIIRS375,0.16,7.65,ALERTA_TERMICA,Muy Bajo,imagenes_satelitales/Puyehue-Cordon Caulle/2026-03-13/06-06-01_Puyehue-Cordon Caulle_VIIRS375_Latest.png,2026-03-13 06:05:50,2026-03-13 18:15:48,NO
1773381601,2026-03-13 06:00:01,2026-03-13 03:00:01,Isluga,VIIRS,0.22,0.75,ALERTA_TERMICA,Muy Bajo,imagenes_satelitales/Isluga/2026-03-13/06-00-01_Isluga_VIIRS750_Latest.png,2026-03-13 05:21:36,2026-03-13 18:15:48,NO
1773381601,2026-03-13 06:00:01,2026-03-13 03:00:01,Lastarria,VIIRS375,0.16,2.4,ALERTA_TERMICA,Muy Bajo,imagenes_satelitales/Lastarria/2026-03-13/06-00-01_Lastarria_VIIRS375_Latest.png,2026-03-13 05:35:41,2026-03-13 18:15:48,NO
1773381601,2026-03-13 06:00:01,2026-03-13 03:00:01,Isluga,VIIRS375,0.28,0.53,ALERTA_TERMICA,Muy Bajo,imagenes_satelitales/Isluga/2026-03-13/06-00-01_Isluga_VIIRS375_Latest.png,2026-03-13 05:35:41,2026-03-13 18:15:48,NO
1773381601,2026-03-13 06:00:01,2026-03-13 03:00:01,Tupungatito,VIIRS375,0.19,5.21,ALERTA_TERMICA,Muy Bajo,imagenes_satelitales/Tupungatito/2026-03-13/06-00-01_Tupungatito_VIIRS375_Latest.png,2026-03-13 05:35:41,2026-03-13 18:15:48,NO
1773381601,2026-03-13 06:00:01,2026-03-13 03:00:01,Lascar,VIIRS375,2.63,1.55,ALERTA_TERMICA,Bajo,imagenes_satelitales/Lascar/2026-03-13/06-00-01_Lascar_VIIRS375_Latest.png,2026-03-13 05:35:41,2026-03-13 18:15:48,NO
1773381601,2026-03-13 06:00:01,2026-03-13 03:00:01,Lascar,VIIRS,2.53,1.5,ALERTA_TERMICA,Bajo,imagenes_satelitales/Lascar/2026-03-13/06-00-01_Lascar_VIIRS750_Latest.png,2026-03-13 05:21:36,2026-03-13 18:15:48,NO
1773300300,2026-03-12 07:25:00,2026-03-12 04:25:00,Lascar,MODIS,2.22,1.41,ALERTA_TERMICA,Bajo,imagenes_satelitales/Lascar/2026-03-12/07-25-00_Lascar_MODIS_Latest.png,2026-03-12 07:35:48,2026-03-12 12:00:55,NO
1773296641,2026-03-12 06:24:01,2026-03-12 03:24:01,PlanchonPeteroa,VIIRS375,0.16,2.02,ALERTA_TERMICA,Muy Bajo,imagenes_satelitales/PlanchonPeteroa/2026-03-12/06-24-01_PlanchonPeteroa_VIIRS375_Latest.png,2026-03-12 08:50:46,2026-03-12 19:15:45,NO
1773296281,2026-03-12 06:18:01,2026-03-12 03:18:01,Lastarria,VIIRS375,0.06,1.55,ALERTA_TERMICA,Muy Bajo,imagenes_satelitales/Lastarria/2026-03-12/06-18-01_Lastarria_VIIRS375_Latest.png,2026-03-12 08:50:46,2026-03-12 19:45:50,NO
1773296281,2026-03-12 06:18:01,2026-03-12 03:18:01,Lascar,VIIRS375,0.28,1.5,ALERTA_TERMICA,Muy Bajo,imagenes_satelitales/Lascar/2026-03-12/06-18-01_Lascar_VIIRS375_Latest.png,2026-03-12 08:50:46,2026-03-12 19:45:50,NO
1773210961,2026-03-11 06:36:01,2026-03-11 03:36:01,Isluga,VIIRS375,0.05,0.53,ALERTA_TERMICA,Muy Bajo,imagenes_satelitales/Isluga/2026-03-11/06-36-01_Isluga_VIIRS375_Latest.png,2026-03-11 10:05:43,2026-03-11 21:30:49,NO
1773205201,2026-03-11 05:00:01,2026-03-11 02:00:01,Tupungatito,VIIRS375,0.22,5.41,ALERTA_TERMICA,Muy Bajo,imagenes_satelitales/Tupungatito/2026-03-11/05-00-01_Tupungatito_VIIRS375_Latest.png,2026-03-11 07:35:47,2026-03-11 10:15:48,NO
1773204841,2026-03-11 04:54:01,2026-03-11 01:54:01,Isluga,VIIRS375,0.13,1.91,ALERTA_TERMICA,Muy Bajo,imagenes_satelitales/Isluga/2026-03-11/04-54-01_Isluga_VIIRS375_Latest.png,2026-03-11 07:35:47,2026-03-11 10:00:46,NO
1773204841,2026-03-11 04:54:01,2026-03-11 01:54:01,Lascar,VIIRS375,0.81,1.91,ALERTA_TERMICA,Muy Bajo,imagenes_satelitales/Lascar/2026-03-11/04-54-01_Lascar_VIIRS375_Latest.png,2026-03-11 07:35:47,2026-03-11 10:00:46,NO
1773192900,2026-03-11 01:35:00,2026-03-10 22:35:00,Lascar,MODIS,2.92,1.0,ALERTA_TERMICA,Bajo,imagenes_satelitales/Lascar/2026-03-11/01-35-00_Lascar_MODIS_Latest.png,2026-03-10 23:50:48,2026-03-11 06:30:48,NO
1773129000,2026-03-10 07:50:00,2026-03-10 04:50:00,Lascar,MODIS,1.97,1.41,ALERTA_TERMICA,Bajo,imagenes_satelitales/Lascar/2026-03-10/07-50-00_Lascar_MODIS_Latest.png,2026-03-10 09:05:45,2026-03-10 12:00:53,NO
1773124920,2026-03-10 06:42:00,2026-03-10 03:42:00,Puyehue-Cordon Caulle,VIIRS375,0.27,8.39,ALERTA_TERMICA,Muy Bajo,imagenes_satelitales/Puyehue-Cordon Caulle/2026-03-10/06-42-00_Puyehue-Cordon Caulle_VIIRS375_Latest.png,2026-03-10 08:35:43,2026-03-10 17:45:45,NO
1773124560,2026-03-10 06:36:00,2026-03-10 03:36:00,Lastarria,VIIRS375,0.12,2.52,ALERTA_TERMICA,Muy Bajo,imagenes_satelitales/Lastarria/2026-03-10/06-36-00_Lastarria_VIIRS375_Latest.png,2026-03-10 08:35:43,2026-03-10 17:30:51,NO
1773119881,2026-03-10 05:18:01,2026-03-10 02:18:01,Puyehue-Cordon Caulle,VIIRS375,0.63,8.19,ALERTA_TERMICA,Muy Bajo,imagenes_satelitales/Puyehue-Cordon Caulle/2026-03-10/05-18-01_Puyehue-Cordon Caulle_VIIRS375_Latest.png,2026-03-10 06:35:47,2026-03-10 08:30:43,NO
1773119881,2026-03-10 05:18:01,2026-03-10 02:18:01,Puyehue-Cordon Caulle,VIIRS,0.67,7.83,ALERTA_TERMICA,Muy Bajo,imagenes_satelitales/Puyehue-Cordon Caulle/2026-03-10/05-18-01_Puyehue-Cordon Caulle_VIIRS750_Latest.png,2026-03-10 05:50:46,2026-03-10 07:15:48,NO
1773119521,2026-03-10 05:12:01,2026-03-10 02:12:01,Isluga,VIIRS375,0.35,0.84,ALERTA_TERMICA,Muy Bajo,imagenes_satelitales/Isluga/2026-03-10/05-12-01_Isluga_VIIRS375_Latest.png,2026-03-10 06:35:47,2026-03-10 08:15:49,NO
1773040200,2026-03-09 07:10:00,2026-03-09 04:10:00,Lascar,MODIS,1.38,1.41,ALERTA_TERMICA,Bajo,imagenes_satelitales/Lascar/2026-03-09/07-10-00_Lascar_MODIS_Latest.png,2026-03-09 07:50:47,2026-03-09 11:00:59,NO
1773034561,2026-03-09 05:36:01,2026-03-09 02:36:01,Lascar,VIIRS375,3.44,1.19,ALERTA_TERMICA,Bajo,imagenes_satelitales/Lascar/2026-03-09/05-36-01_Lascar_VIIRS375_Latest.png,2026-03-09 06:05:44,2026-03-09 18:30:50,NO
1773034561,2026-03-09 05:36:01,2026-03-09 02:36:01,Lascar,VIIRS,2.76,1.06,ALERTA_TERMICA,Bajo,imagenes_satelitales/Lascar/2026-03-09/05-36-01_Lascar_VIIRS750_Latest.png,2026-03-09 06:05:44,2026-03-09 17:45:46,NO
1773034561,2026-03-09 05:36:01,2026-03-09 02:36:01,Lastarria,VIIRS375,0.19,2.19,ALERTA_TERMICA,Muy Bajo,imagenes_satelitales/Lastarria/2026-03-09/05-36-01_Lastarria_VIIRS375_Latest.png,2026-03-09 06:05:44,2026-03-09 18:30:50,NO
1773034201,2026-03-09 05:30:01,2026-03-09 02:30:01,Isluga,VIIRS375,0.31,0.84,ALERTA_TERMICA,Muy Bajo,imagenes_satelitales/Isluga/2026-03-09/05-30-01_Isluga_VIIRS375_Latest.png,2026-03-09 06:05:44,2026-03-09 18:00:51,NO
1773034201,2026-03-09 05:30:01,2026-03-09 02:30:01,Isluga,VIIRS,0.25,0.75,ALERTA_TERMICA,Muy Bajo,imagenes_satelitales/Isluga/2026-03-09/05-30-01_Isluga_VIIRS750_Latest.png,2026-03-09 06:05:44,2026-03-09 17:45:46,NO
1773021300,2026-03-09 01:55:00,2026-03-08 22:55:00,Lascar,MODIS,2.02,1.41,ALERTA_TERMICA,Bajo,imagenes_satelitales/Lascar/2026-03-09/01-55-00_Lascar_MODIS_Latest.png,2026-03-09 00:35:46,2026-03-09 07:45:48,NO
1772949601,2026-03-08 06:00:01,2026-03-08 03:00:01,Villarrica,VIIRS375,0.21,0.84,ALERTA_TERMICA,Muy Bajo,imagenes_satelitales/Villarrica/2026-03-08/06-00-01_Villarrica_VIIRS375_Latest.png,2026-03-08 06:50:44,2026-03-08 19:00:48,NO
1772949601,2026-03-08 06:00:01,2026-03-08 03:00:01,Chaiten,VIIRS375,0.23,0.38,ALERTA_TERMICA,Muy Bajo,imagenes_satelitales/Chaiten/2026-03-08/06-00-01_Chaiten_VIIRS375_Latest.png,2026-03-08 06:50:44,2026-03-08 19:00:48,NO
1772949241,2026-03-08 05:54:01,2026-03-08 02:54:01,Lastarria,VIIRS375,0.1,2.4,ALERTA_TERMICA,Muy Bajo,imagenes_satelitales/Lastarria/2026-03-08/05-54-01_Lastarria_VIIRS375_Latest.png,2026-03-08 06:50:44,2026-03-08 18:30:46,NO
1772949241,2026-03-08 05:54:01,2026-03-08 02:54:01,Lascar,VIIRS,3.33,1.5,ALERTA_TERMICA,Bajo,imagenes_satelitales/Lascar/2026-03-08/05-54-01_Lascar_VIIRS750_Latest.png,2026-03-08 05:35:42,2026-03-08 18:15:43,NO
1772949241,2026-03-08 05:54:01,2026-03-08 02:54:01,Isluga,VIIRS375,0.22,0.53,ALERTA_TERMICA,Muy Bajo,imagenes_satelitales/Isluga/2026-03-08/05-54-01_Isluga_VIIRS375_Latest.png,2026-03-08 06:50:44,2026-03-08 19:00:48,NO
1772949241,2026-03-08 05:54:01,2026-03-08 02:54:01,Lascar,VIIRS375,2.96,1.5,ALERTA_TERMICA,Bajo,imagenes_satelitales/Lascar/2026-03-08/05-54-01_Lascar_VIIRS375_Latest.png,2026-03-08 06:50:44,2026-03-08 18:30:46,NO
1772949241,2026-03-08 05:54:01,2026-03-08 02:54:01,Tupungatito,VIIRS375,0.11,4.89,ALERTA_TERMICA,Muy Bajo,imagenes_satelitales/Tupungatito/2026-03-08/05-54-01_Tupungatito_VIIRS375_Latest.png,2026-03-08 06:50:44,2026-03-08 19:00:48,NO
1772908921,2026-03-07 18:42:01,2026-03-07 15:42:01,Lascar,VIIRS375,1.12,0.75,ALERTA_TERMICA,Bajo,imagenes_satelitales/Lascar/2026-03-07/18-42-01_Lascar_VIIRS375_Latest.png,2026-03-07 18:50:41,2026-03-08 06:45:44,NO
1772868900,2026-03-07 07:35:00,2026-03-07 04:35:00,Lascar,MODIS,2.7,2.0,ALERTA_TERMICA,Bajo,imagenes_satelitales/Lascar/2026-03-07/07-35-00_Lascar_MODIS_Latest.png,2026-03-07 07:50:47,2026-03-07 11:15:44,NO
1772863921,2026-03-07 06:12:01,2026-03-07 03:12:01,Isluga,VIIRS375,0.14,0.84,ALERTA_TERMICA,Muy Bajo,imagenes_satelitales/Isluga/2026-03-07/06-12-01_Isluga_VIIRS375_Latest.png,2026-03-07 08:35:51,2026-03-07 18:15:41,NO
1772863921,2026-03-07 06:12:01,2026-03-07 03:12:01,Tupungatito,VIIRS375,0.11,4.89,ALERTA_TERMICA,Muy Bajo,imagenes_satelitales/Tupungatito/2026-03-07/06-12-01_Tupungatito_VIIRS375_Latest.png,2026-03-07 08:35:51,2026-03-07 18:15:41,NO
1772863921,2026-03-07 06:12:01,2026-03-07 03:12:01,Lascar,VIIRS,1.52,2.37,ALERTA_TERMICA,Bajo,imagenes_satelitales/Lascar/2026-03-07/06-12-01_Lascar_VIIRS750_Latest.png,2026-03-07 06:05:44,2026-03-07 18:15:41,NO
1772863921,2026-03-07 06:12:01,2026-03-07 03:12:01,Lascar,VIIRS375,2.16,1.55,ALERTA_TERMICA,Bajo,imagenes_satelitales/Lascar/2026-03-07/06-12-01_Lascar_VIIRS375_Latest.png,2026-03-07 08:35:51,2026-03-07 18:15:41,NO
1772862840,2026-03-07 05:54:00,2026-03-07 02:54:00,PlanchonPeteroa,VIIRS375,0.17,1.91,ALERTA_TERMICA,Muy Bajo,imagenes_satelitales/PlanchonPeteroa/2026-03-07/05-54-00_PlanchonPeteroa_VIIRS375_Latest.png,2026-03-07 09:20:43,2026-03-07 18:15:41,NO
1772778961,2026-03-06 06:36:01,2026-03-06 03:36:01,Tupungatito,VIIRS375,0.12,5.21,ALERTA_TERMICA,Muy Bajo,imagenes_satelitales/Tupungatito/2026-03-06/06-36-01_Tupungatito_VIIRS375_Latest.png,2026-03-06 09:05:42,2026-03-07 06:45:42,NO
1772778601,2026-03-06 06:30:01,2026-03-06 03:30:01,Lascar,VIIRS375,0.06,1.13,ALERTA_TERMICA,Muy Bajo,imagenes_satelitales/Lascar/2026-03-06/06-30-01_Lascar_VIIRS375_Latest.png,2026-03-06 08:50:58,2026-03-07 06:30:43,NO
1772772841,2026-03-06 04:54:01,2026-03-06 01:54:01,Tupungatito,VIIRS375,0.29,5.41,ALERTA_TERMICA,Muy Bajo,imagenes_satelitales/Tupungatito/2026-03-06/04-54-01_Tupungatito_VIIRS375_Latest.png,2026-03-06 06:51:11,2026-03-06 09:01:14,NO
1772772481,2026-03-06 04:48:01,2026-03-06 01:48:01,Lascar,VIIRS375,0.4,1.55,ALERTA_TERMICA,Muy Bajo,imagenes_satelitales/Lascar/2026-03-06/04-48-01_Lascar_VIIRS375_Latest.png,2026-03-06 06:51:11,2026-03-06 08:45:44,NO
1772760900,2026-03-06 01:35:00,2026-03-05 22:35:00,Lascar,MODIS,1.42,1.41,ALERTA_TERMICA,Bajo,imagenes_satelitales/Lascar/2026-03-06/01-35-00_Lascar_MODIS_Latest.png,2026-03-05 23:50:45,2026-03-06 06:45:43,NO
1772697300,2026-03-05 07:55:00,2026-03-05 04:55:00,Lascar,MODIS,1.95,2.24,ALERTA_TERMICA,Bajo,imagenes_satelitales/Lascar/2026-03-05/07-55-00_Lascar_MODIS_Latest.png,2026-03-05 10:20:50,2026-03-05 13:15:43,NO
1772692200,2026-03-05 06:30:00,2026-03-05 03:30:00,Lascar,VIIRS375,0.18,1.5,ALERTA_TERMICA,Muy Bajo,imagenes_satelitales/Lascar/2026-03-05/06-30-00_Lascar_VIIRS375_Latest.png,2026-03-05 17:05:47,2026-03-05 20:07:06,NO
1772692200,2026-03-05 06:30:00,2026-03-05 03:30:00,Lastarria,VIIRS375,0.05,2.4,ALERTA_TERMICA,Muy Bajo,imagenes_satelitales/Lastarria/2026-03-05/06-30-00_Lastarria_VIIRS375_Latest.png,2026-03-05 17:05:47,2026-03-05 20:07:06,NO
1772687521,2026-03-05 05:12:01,2026-03-05 02:12:01,Puyehue-Cordon Caulle,VIIRS375,0.54,8.46,ALERTA_TERMICA,Muy Bajo,imagenes_satelitales/Puyehue-Cordon Caulle/2026-03-05/05-12-01_Puyehue-Cordon Caulle_VIIRS375_Latest.png,2026-03-05 14:26:19,2026-03-05 14:46:16,NO
1772687521,2026-03-05 05:12:01,2026-03-05 02:12:01,Tupungatito,VIIRS375,0.03,4.89,ALERTA_TERMICA,Muy Bajo,imagenes_satelitales/Tupungatito/2026-03-05/05-12-01_Tupungatito_VIIRS375_Latest.png,2026-03-05 14:26:19,2026-03-05 17:30:47,NO
1772687521,2026-03-05 05:12:01,2026-03-05 02:12:01,Chaiten,VIIRS375,0.08,0.38,ALERTA_TERMICA,Muy Bajo,imagenes_satelitales/Chaiten/2026-03-05/05-12-01_Chaiten_VIIRS375_Latest.png,2026-03-05 14:26:19,2026-03-05 14:46:16,NO
1772687161,2026-03-05 05:06:01,2026-03-05 02:06:01,Isluga,VIIRS375,0.48,1.06,ALERTA_TERMICA,Muy Bajo,imagenes_satelitales/Isluga/2026-03-05/05-06-01_Isluga_VIIRS375_Latest.png,2026-03-05 14:26:19,2026-03-05 17:00:46,NO
1772687161,2026-03-05 05:06:01,2026-03-05 02:06:01,Lascar,VIIRS375,1.73,1.68,ALERTA_TERMICA,Bajo,imagenes_satelitales/Lascar/2026-03-05/05-06-01_Lascar_VIIRS375_Latest.png,2026-03-05 14:26:19,2026-03-05 17:00:46,NO
1772687161,2026-03-05 05:06:01,2026-03-05 02:06:01,Lascar,VIIRS,1.27,1.68,ALERTA_TERMICA,Bajo,imagenes_satelitales/Lascar/2026-03-05/05-06-01_Lascar_VIIRS750_Latest.png,2026-03-05 07:51:45,2026-03-05 13:15:43,NO
1772608500,2026-03-04 07:15:00,2026-03-04 04:15:00,Lascar,MODIS,2.28,1.41,ALERTA_TERMICA,Bajo,imagenes_satelitales/Lascar/2026-03-04/07-15-00_Lascar_MODIS_Latest.png,2026-03-04 07:05:44,2026-03-04 12:15:48,NO
1772602201,2026-03-04 05:30:01,2026-03-04 02:30:01,Tupungatito,VIIRS,0.17,4.37,ALERTA_TERMICA,Muy Bajo,imagenes_satelitales/Tupungatito/2026-03-04/05-30-01_Tupungatito_VIIRS750_Latest.png,2026-03-04 06:05:43,2026-03-04 09:45:44,NO
1772602201,2026-03-04 05:30:01,2026-03-04 02:30:01,Lascar,VIIRS,2.3,1.68,ALERTA_TERMICA,Bajo,imagenes_satelitales/Lascar/2026-03-04/05-30-01_Lascar_VIIRS750_Latest.png,2026-03-04 05:50:43,2026-03-04 18:30:50,NO
1772589300,2026-03-04 01:55:00,2026-03-03 22:55:00,Lascar,MODIS,0.35,1.0,ALERTA_TERMICA,Muy Bajo,imagenes_satelitales/Lascar/2026-03-04/01-55-00_Lascar_MODIS_Latest.png,2026-03-04 00:20:43,2026-03-04 07:00:51,NO
1772516881,2026-03-03 05:48:01,2026-03-03 02:48:01,Isluga,VIIRS375,0.3,0.53,ALERTA_TERMICA,Muy Bajo,imagenes_satelitales/Isluga/2026-03-03/05-48-01_Isluga_VIIRS375_Latest.png,2026-03-03 06:35:45,2026-03-03 19:30:45,NO
1772516881,2026-03-03 05:48:01,2026-03-03 02:48:01,Isluga,VIIRS,0.35,0.75,ALERTA_TERMICA,Muy Bajo,imagenes_satelitales/Isluga/2026-03-03/05-48-01_Isluga_VIIRS750_Latest.png,2026-03-03 06:35:45,2026-03-03 18:15:44,NO
1772516881,2026-03-03 05:48:01,2026-03-03 02:48:01,Tupungatito,VIIRS,0.25,5.03,ALERTA_TERMICA,Muy Bajo,imagenes_satelitales/Tupungatito/2026-03-03/05-48-01_Tupungatito_VIIRS750_Latest.png,2026-03-03 06:50:47,2026-03-03 18:15:44,NO
1772516881,2026-03-03 05:48:01,2026-03-03 02:48:01,Lastarria,VIIRS375,0.1,2.4,ALERTA_TERMICA,Muy Bajo,imagenes_satelitales/Lastarria/2026-03-03/05-48-01_Lastarria_VIIRS375_Latest.png,2026-03-03 06:35:45,2026-03-03 19:30:45,NO
1772516881,2026-03-03 05:48:01,2026-03-03 02:48:01,Tupungatito,VIIRS375,0.2,5.21,ALERTA_TERMICA,Muy Bajo,imagenes_satelitales/Tupungatito/2026-03-03/05-48-01_Tupungatito_VIIRS375_Latest.png,2026-03-03 06:35:45,2026-03-03 19:30:45,NO
1772516881,2026-03-03 05:48:01,2026-03-03 02:48:01,Lascar,VIIRS375,2.41,1.5,ALERTA_TERMICA,Bajo,imagenes_satelitales/Lascar/2026-03-03/05-48-01_Lascar_VIIRS375_Latest.png,2026-03-03 06:35:45,2026-03-03 19:30:45,NO
1772516881,2026-03-03 05:48:01,2026-03-03 02:48:01,Lascar,VIIRS,3.07,1.5,ALERTA_TERMICA,Bajo,imagenes_satelitales/Lascar/2026-03-03/05-48-01_Lascar_VIIRS750_Latest.png,2026-03-03 06:35:45,2026-03-03 18:15:44,NO
1772437200,2026-03-02 07:40:00,2026-03-02 04:40:00,Lascar,MODIS,1.64,2.0,ALERTA_TERMICA,Bajo,imagenes_satelitales/Lascar/2026-03-02/07-40-00_Lascar_MODIS_Latest.png,2026-03-02 06:50:45,2026-03-02 11:30:47,NO
1772431561,2026-03-02 06:06:01,2026-03-02 03:06:01,Lascar,VIIRS,1.3,1.68,ALERTA_TERMICA,Bajo,imagenes_satelitales/Lascar/2026-03-02/06-06-01_Lascar_VIIRS750_Latest.png,2026-03-02 05:50:45,2026-03-02 20:45:51,NO
1772431561,2026-03-02 06:06:01,2026-03-02 03:06:01,Lastarria,VIIRS375,0.08,2.7,ALERTA_TERMICA,Muy Bajo,imagenes_satelitales/Lastarria/2026-03-02/06-06-01_Lastarria_VIIRS375_Latest.png,2026-03-02 06:05:44,2026-03-02 19:30:45,NO
1772431561,2026-03-02 06:06:01,2026-03-02 03:06:01,Isluga,VIIRS375,0.25,0.53,ALERTA_TERMICA,Muy Bajo,imagenes_satelitales/Isluga/2026-03-02/06-06-01_Isluga_VIIRS375_Latest.png,2026-03-02 06:05:44,2026-03-02 19:30:45,NO
1772431561,2026-03-02 06:06:01,2026-03-02 03:06:01,Lascar,VIIRS375,2.02,1.55,ALERTA_TERMICA,Bajo,imagenes_satelitales/Lascar/2026-03-02/06-06-01_Lascar_VIIRS375_Latest.png,2026-03-02 06:05:44,2026-03-02 19:30:45,NO
1772431561,2026-03-02 06:06:01,2026-03-02 03:06:01,Tupungatito,VIIRS375,0.21,5.21,ALERTA_TERMICA,Muy Bajo,imagenes_satelitales/Tupungatito/2026-03-02/06-06-01_Tupungatito_VIIRS375_Latest.png,2026-03-02 06:05:44,2026-03-02 19:30:45,NO
1772346241,2026-03-01 06:24:01,2026-03-01 03:24:01,Lastarria,VIIRS375,0.17,2.4,ALERTA_TERMICA,Muy Bajo,imagenes_satelitales/Lastarria/2026-03-01/06-24-01_Lastarria_VIIRS375_Latest.png,2026-03-01 06:05:41,2026-03-01 18:15:43,NO
1772346241,2026-03-01 06:24:01,2026-03-01 03:24:01,Isluga,VIIRS375,0.06,0.53,ALERTA_TERMICA,Muy Bajo,imagenes_satelitales/Isluga/2026-03-01/06-24-01_Isluga_VIIRS375_Latest.png,2026-03-01 06:05:41,2026-03-01 17:15:49,NO
1772346241,2026-03-01 06:24:01,2026-03-01 03:24:01,Lascar,VIIRS375,0.03,1.19,ALERTA_TERMICA,Muy Bajo,imagenes_satelitales/Lascar/2026-03-01/06-24-01_Lascar_VIIRS375_Latest.png,2026-03-01 06:05:41,2026-03-01 17:15:49,NO
1772346241,2026-03-01 06:24:01,2026-03-01 03:24:01,Tupungatito,VIIRS375,0.16,5.21,ALERTA_TERMICA,Muy Bajo,imagenes_satelitales/Tupungatito/2026-03-01/06-24-01_Tupungatito_VIIRS375_Latest.png,2026-03-01 06:05:41,2026-03-01 18:15:43,NO
1772340481,2026-03-01 04:48:01,2026-03-01 01:48:01,Tupungatito,VIIRS375,0.59,5.41,ALERTA_TERMICA,Muy Bajo,imagenes_satelitales/Tupungatito/2026-03-01/04-48-01_Tupungatito_VIIRS375_Latest.png,2026-03-01 04:35:45,2026-03-01 06:00:46,NO
1772329200,2026-03-01 01:40:00,2026-02-28 22:40:00,Lascar,MODIS,1.81,1.0,ALERTA_TERMICA,Bajo,imagenes_satelitales/Lascar/2026-03-01/01-40-00_Lascar_MODIS_Latest.png,2026-03-01 00:05:42,2026-03-01 06:30:48,NO
1772259840,2026-02-28 06:24:00,2026-02-28 03:24:00,Lascar,VIIRS375,0.3,1.5,ALERTA_TERMICA,Muy Bajo,imagenes_satelitales/Lascar/2026-02-28/06-24-00_Lascar_VIIRS375_Latest.png,2026-02-28 07:50:39,2026-02-28 17:30:47,NO
1772259840,2026-02-28 06:24:00,2026-02-28 03:24:00,Tupungatito,VIIRS375,0.2,5.21,ALERTA_TERMICA,Muy Bajo,imagenes_satelitales/Tupungatito/2026-02-28/06-24-00_Tupungatito_VIIRS375_Latest.png,2026-02-28 07:50:39,2026-02-28 17:45:44,NO
1772255161,2026-02-28 05:06:01,2026-02-28 02:06:01,Tupungatito,VIIRS375,0.36,5.41,ALERTA_TERMICA,Muy Bajo,imagenes_satelitales/Tupungatito/2026-02-28/05-06-01_Tupungatito_VIIRS375_Latest.png,2026-02-28 05:05:39,2026-02-28 07:45:43,NO
1772254801,2026-02-28 05:00:01,2026-02-28 02:00:01,Isluga,VIIRS375,0.53,1.55,ALERTA_TERMICA,Muy Bajo,imagenes_satelitales/Isluga/2026-02-28/05-00-01_Isluga_VIIRS375_Latest.png,2026-02-28 05:05:39,2026-02-28 07:45:43,NO
1772254801,2026-02-28 05:00:01,2026-02-28 02:00:01,Lascar,VIIRS,0.65,1.5,ALERTA_TERMICA,Muy Bajo,imagenes_satelitales/Lascar/2026-02-28/05-00-01_Lascar_VIIRS750_Latest.png,2026-02-28 05:05:39,2026-02-28 07:45:43,NO
1772254801,2026-02-28 05:00:01,2026-02-28 02:00:01,Lascar,VIIRS375,0.8,1.91,ALERTA_TERMICA,Muy Bajo,imagenes_satelitales/Lascar/2026-02-28/05-00-01_Lascar_VIIRS375_Latest.png,2026-02-28 05:05:39,2026-02-28 07:45:43,NO
1772214481,2026-02-27 17:48:01,2026-02-27 14:48:01,Lascar,VIIRS375,1.12,1.19,ALERTA_TERMICA,Bajo,imagenes_satelitales/Lascar/2026-02-27/17-48-01_Lascar_VIIRS375_Latest.png,2026-02-27 18:35:42,2026-02-27 19:00:44,NO
1772176800,2026-02-27 07:20:00,2026-02-27 04:20:00,Lascar,MODIS,0.65,2.0,ALERTA_TERMICA,Muy Bajo,imagenes_satelitales/Lascar/2026-02-27/07-20-00_Lascar_MODIS_Latest.png,2026-02-27 07:35:46,2026-02-27 11:30:50,NO
1772174520,2026-02-27 06:42:00,2026-02-27 03:42:00,Tupungatito,VIIRS375,0.03,4.8,ALERTA_TERMICA,Muy Bajo,imagenes_satelitales/Tupungatito/2026-02-27/06-42-00_Tupungatito_VIIRS375_Latest.png,2026-02-27 09:05:47,2026-02-27 17:45:42,NO
1772169841,2026-02-27 05:24:01,2026-02-27 02:24:01,Lascar,VIIRS375,0.7,1.55,ALERTA_TERMICA,Muy Bajo,imagenes_satelitales/Lascar/2026-02-27/05-24-01_Lascar_VIIRS375_Latest.png,2026-02-27 06:05:39,2026-02-27 09:00:46,NO
1772169841,2026-02-27 05:24:01,2026-02-27 02:24:01,PlanchonPeteroa,VIIRS375,0.05,1.68,ALERTA_TERMICA,Muy Bajo,imagenes_satelitales/PlanchonPeteroa/2026-02-27/05-24-01_PlanchonPeteroa_VIIRS375_Latest.png,2026-02-27 06:05:39,2026-02-27 09:00:46,NO
1772169481,2026-02-27 05:18:01,2026-02-27 02:18:01,Isluga,VIIRS,1.05,3.18,ALERTA_TERMICA,Bajo,imagenes_satelitales/Isluga/2026-02-27/05-18-01_Isluga_VIIRS750_Latest.png,2026-02-27 05:35:43,2026-02-27 08:30:50,NO
1772169481,2026-02-27 05:18:01,2026-02-27 02:18:01,Isluga,VIIRS375,0.38,0.84,ALERTA_TERMICA,Muy Bajo,imagenes_satelitales/Isluga/2026-02-27/05-18-01_Isluga_VIIRS375_Latest.png,2026-02-27 06:05:39,2026-02-27 09:00:46,NO
1772129161,2026-02-26 18:06:01,2026-02-26 15:06:01,Lascar,VIIRS375,0.53,2.02,ALERTA_TERMICA,Muy Bajo,imagenes_satelitales/Lascar/2026-02-26/18-06-01_Lascar_VIIRS375_Latest.png,2026-02-26 19:05:47,2026-02-27 06:00:48,NO
1772128080,2026-02-26 17:48:00,2026-02-26 14:48:00,Lascar,VIIRS375,0.63,0.84,ALERTA_TERMICA,Muy Bajo,imagenes_satelitales/Lascar/2026-02-26/17-48-00_Lascar_VIIRS375_Latest.png,2026-02-26 18:20:42,2026-02-26 19:00:50,NO
1772084881,2026-02-26 05:48:01,2026-02-26 02:48:01,Chaiten,VIIRS375,0.03,0.75,ALERTA_TERMICA,Muy Bajo,imagenes_satelitales/Chaiten/2026-02-26/05-48-01_Chaiten_VIIRS375_Latest.png,2026-02-26 05:51:07,2026-02-26 18:00:48,NO
1772084521,2026-02-26 05:42:01,2026-02-26 02:42:01,PlanchonPeteroa,VIIRS375,0.08,1.91,ALERTA_TERMICA,Muy Bajo,imagenes_satelitales/PlanchonPeteroa/2026-02-26/05-42-01_PlanchonPeteroa_VIIRS375_Latest.png,2026-02-26 05:51:07,2026-02-26 18:00:48,NO
1772084521,2026-02-26 05:42:01,2026-02-26 02:42:01,Villarrica,VIIRS375,0.12,0.84,ALERTA_TERMICA,Muy Bajo,imagenes_satelitales/Villarrica/2026-02-26/05-42-01_Villarrica_VIIRS375_Latest.png,2026-02-26 05:51:07,2026-02-26 18:00:48,NO
1772084521,2026-02-26 05:42:01,2026-02-26 02:42:01,Lastarria,VIIRS375,0.17,2.4,ALERTA_TERMICA,Muy Bajo,imagenes_satelitales/Lastarria/2026-02-26/05-42-01_Lastarria_VIIRS375_Latest.png,2026-02-26 05:51:07,2026-02-26 18:15:45,NO
1772084521,2026-02-26 05:42:01,2026-02-26 02:42:01,Lascar,VIIRS,0.21,0.75,ALERTA_TERMICA,Muy Bajo,imagenes_satelitales/Lascar/2026-02-26/05-42-01_Lascar_VIIRS750_Latest.png,2026-02-26 05:51:07,2026-02-26 18:00:48,NO
1772084521,2026-02-26 05:42:01,2026-02-26 02:42:01,Lascar,VIIRS375,0.34,1.13,ALERTA_TERMICA,Muy Bajo,imagenes_satelitales/Lascar/2026-02-26/05-42-01_Lascar_VIIRS375_Latest.png,2026-02-26 05:51:07,2026-02-26 18:15:45,NO
1772084521,2026-02-26 05:42:01,2026-02-26 02:42:01,Tupungatito,VIIRS,0.27,5.41,ALERTA_TERMICA,Muy Bajo,imagenes_satelitales/Tupungatito/2026-02-26/05-42-01_Tupungatito_VIIRS750_Latest.png,2026-02-26 05:51:07,2026-02-26 18:00:48,NO
1772084521,2026-02-26 05:42:01,2026-02-26 02:42:01,Tupungatito,VIIRS375,0.28,5.21,ALERTA_TERMICA,Muy Bajo,imagenes_satelitales/Tupungatito/2026-02-26/05-42-01_Tupungatito_VIIRS375_Latest.png,2026-02-26 05:51:07,2026-02-26 18:00:48,NO
1772084161,2026-02-26 05:36:01,2026-02-26 02:36:01,Isluga,VIIRS375,0.35,0.84,ALERTA_TERMICA,Muy Bajo,imagenes_satelitales/Isluga/2026-02-26/05-36-01_Isluga_VIIRS375_Latest.png,2026-02-26 05:51:07,2026-02-26 18:00:48,NO
1772084161,2026-02-26 05:36:01,2026-02-26 02:36:01,Isluga,VIIRS,0.17,0.75,ALERTA_TERMICA,Muy Bajo,imagenes_satelitales/Isluga/2026-02-26/05-36-01_Isluga_VIIRS750_Latest.png,2026-02-26 05:51:07,2026-02-26 18:00:48,NO
1772083440,2026-02-26 05:24:00,2026-02-26 02:24:00,Puyehue-Cordon Caulle,VIIRS,0.75,7.83,ALERTA_TERMICA,Muy Bajo,imagenes_satelitales/Puyehue-Cordon Caulle/2026-02-26/05-24-00_Puyehue-Cordon Caulle_VIIRS750_Latest.png,2026-02-26 06:05:45,2026-02-26 18:00:48,NO
1772083440,2026-02-26 05:24:00,2026-02-26 02:24:00,Puyehue-Cordon Caulle,VIIRS375,0.3,7.83,ALERTA_TERMICA,Muy Bajo,imagenes_satelitales/Puyehue-Cordon Caulle/2026-02-26/05-24-00_Puyehue-Cordon Caulle_VIIRS375_Latest.png,2026-02-26 06:20:44,2026-02-26 17:45:47,NO
1771999561,2026-02-25 06:06:01,2026-02-25 03:06:01,Puyehue-Cordon Caulle,VIIRS375,0.27,7.65,ALERTA_TERMICA,Muy Bajo,imagenes_satelitales/Puyehue-Cordon Caulle/2026-02-25/06-06-01_Puyehue-Cordon Caulle_VIIRS375_Latest.png,2026-02-25 05:50:44,2026-02-25 18:15:46,NO
1771999561,2026-02-25 06:06:01,2026-02-25 03:06:01,Chaiten,VIIRS375,0.18,0.38,ALERTA_TERMICA,Muy Bajo,imagenes_satelitales/Chaiten/2026-02-25/06-06-01_Chaiten_VIIRS375_Latest.png,2026-02-25 05:50:44,2026-02-25 18:15:46,NO
1771999201,2026-02-25 06:00:01,2026-02-25 03:00:01,Lascar,VIIRS,0.27,0.75,ALERTA_TERMICA,Muy Bajo,imagenes_satelitales/Lascar/2026-02-25/06-00-01_Lascar_VIIRS750_Latest.png,2026-02-25 05:35:43,2026-02-25 18:30:45,NO
1771999201,2026-02-25 06:00:01,2026-02-25 03:00:01,Lastarria,VIIRS375,0.06,2.4,ALERTA_TERMICA,Muy Bajo,imagenes_satelitales/Lastarria/2026-02-25/06-00-01_Lastarria_VIIRS375_Latest.png,2026-02-25 05:50:44,2026-02-25 18:30:45,NO
1771999201,2026-02-25 06:00:01,2026-02-25 03:00:01,Isluga,VIIRS375,0.24,0.53,ALERTA_TERMICA,Muy Bajo,imagenes_satelitales/Isluga/2026-02-25/06-00-01_Isluga_VIIRS375_Latest.png,2026-02-25 05:50:44,2026-02-25 18:15:46,NO
1771999201,2026-02-25 06:00:01,2026-02-25 03:00:01,PlanchonPeteroa,VIIRS375,0.08,2.02,ALERTA_TERMICA,Muy Bajo,imagenes_satelitales/PlanchonPeteroa/2026-02-25/06-00-01_PlanchonPeteroa_VIIRS375_Latest.png,2026-02-25 05:50:44,2026-02-25 18:15:46,NO
1771913881,2026-02-24 06:18:01,2026-02-24 03:18:01,Lascar,VIIRS375,0.14,1.19,ALERTA_TERMICA,Muy Bajo,imagenes_satelitales/Lascar/2026-02-24/06-18-01_Lascar_VIIRS375_Latest.png,2026-02-24 07:05:39,2026-02-24 18:15:45,NO
1771828921,2026-02-23 06:42:01,2026-02-23 03:42:01,Tupungatito,VIIRS375,0.04,5.1,ALERTA_TERMICA,Muy Bajo,No descargada,2026-02-23 16:18:32,2026-02-23 19:30:43,NO
1771822801,2026-02-23 05:00:01,2026-02-23 02:00:01,Tupungatito,VIIRS375,0.52,5.72,ALERTA_TERMICA,Muy Bajo,No descargada,2026-02-23 04:35:38,2026-02-23 06:30:45,NO
1771822801,2026-02-23 05:00:01,2026-02-23 02:00:01,Puyehue-Cordon Caulle,VIIRS375,0.15,8.19,ALERTA_TERMICA,Muy Bajo,imagenes_satelitales/Puyehue-Cordon Caulle/2026-02-23/05-00-01_Puyehue-Cordon Caulle_VIIRS375_Latest.png,2026-02-23 04:35:38,2026-02-23 06:30:45,NO
1771822441,2026-02-23 04:54:01,2026-02-23 01:54:01,Isluga,VIIRS375,0.25,1.91,ALERTA_TERMICA,Muy Bajo,imagenes_satelitales/Isluga/2026-02-23/04-54-01_Isluga_VIIRS375_Latest.png,2026-02-23 04:20:38,2026-02-23 06:30:45,NO
1771745100,2026-02-22 07:25:00,2026-02-22 04:25:00,Lascar,MODIS,2.73,2.0,ALERTA_TERMICA,Bajo,imagenes_satelitales/Lascar/2026-02-22/07-25-00_Lascar_MODIS_Latest.png,2026-02-22 06:50:43,2026-02-22 11:15:41,NO
1771742520,2026-02-22 06:42:00,2026-02-22 03:42:00,Puyehue-Cordon Caulle,VIIRS375,0.15,7.65,ALERTA_TERMICA,Muy Bajo,imagenes_satelitales/Puyehue-Cordon Caulle/2026-02-22/06-42-00_Puyehue-Cordon Caulle_VIIRS375_Latest.png,2026-02-22 14:05:40,2026-02-22 17:15:41,NO
1771737481,2026-02-22 05:18:01,2026-02-22 02:18:01,Puyehue-Cordon Caulle,VIIRS375,0.24,8.19,ALERTA_TERMICA,Muy Bajo,imagenes_satelitales/Puyehue-Cordon Caulle/2026-02-22/05-18-01_Puyehue-Cordon Caulle_VIIRS375_Latest.png,2026-02-22 13:20:34,2026-02-22 14:00:43,NO
1771737481,2026-02-22 05:18:01,2026-02-22 02:18:01,Lastarria,VIIRS375,0.02,2.65,ALERTA_TERMICA,Muy Bajo,imagenes_satelitales/Lastarria/2026-02-22/05-18-01_Lastarria_VIIRS375_Latest.png,2026-02-22 13:20:34,2026-02-22 14:00:43,NO
1771737121,2026-02-22 05:12:01,2026-02-22 02:12:01,Isluga,VIIRS375,0.12,0.75,ALERTA_TERMICA,Muy Bajo,imagenes_satelitales/Isluga/2026-02-22/05-12-01_Isluga_VIIRS375_Latest.png,2026-02-22 13:20:34,2026-02-22 14:00:43,NO
1771737121,2026-02-22 05:12:01,2026-02-22 02:12:01,Lascar,VIIRS,1.26,2.37,ALERTA_TERMICA,Bajo,imagenes_satelitales/Lascar/2026-02-22/05-12-01_Lascar_VIIRS750_Latest.png,2026-02-22 04:50:40,2026-02-22 07:15:38,NO
1771696801,2026-02-21 18:00:01,2026-02-21 15:00:01,Lascar,VIIRS375,3.17,1.55,ALERTA_TERMICA,Bajo,imagenes_satelitales/Lascar/2026-02-21/18-00-01_Lascar_VIIRS375_Latest.png,2026-02-22 10:35:40,2026-02-22 13:15:41,NO
1771652161,2026-02-21 05:36:01,2026-02-21 02:36:01,Lascar,VIIRS,2.39,1.68,ALERTA_TERMICA,Bajo,imagenes_satelitales/Lascar/2026-02-21/05-36-01_Lascar_VIIRS750_Latest.png,2026-02-21 05:20:39,2026-02-21 17:30:43,NO
1771652161,2026-02-21 05:36:01,2026-02-21 02:36:01,Puyehue-Cordon Caulle,VIIRS375,0.11,7.65,ALERTA_TERMICA,Muy Bajo,No descargada,2026-02-22 10:05:40,2026-02-22 10:30:40,NO
1771652161,2026-02-21 05:36:01,2026-02-21 02:36:01,Lascar,VIIRS375,3.38,1.55,ALERTA_TERMICA,Bajo,No descargada,2026-02-22 09:50:41,2026-02-22 10:30:40,NO
1771652161,2026-02-21 05:36:01,2026-02-21 02:36:01,Lastarria,VIIRS375,0.12,2.52,ALERTA_TERMICA,Muy Bajo,No descargada,2026-02-22 09:50:41,2026-02-22 10:30:40,NO
1771651801,2026-02-21 05:30:01,2026-02-21 02:30:01,Isluga,VIIRS375,0.18,0.84,ALERTA_TERMICA,Muy Bajo,No descargada,2026-02-22 09:50:41,2026-02-22 10:30:40,NO
1771567201,2026-02-20 06:00:01,2026-02-20 03:00:01,Chaiten,VIIRS375,0.09,0.38,ALERTA_TERMICA,Muy Bajo,imagenes_satelitales/Chaiten/2026-02-20/06-00-01_Chaiten_VIIRS375_Latest.png,2026-02-20 07:35:33,2026-02-22 07:00:44,NO
1771567201,2026-02-20 06:00:01,2026-02-20 03:00:01,Puyehue-Cordon Caulle,VIIRS375,0.38,7.73,ALERTA_TERMICA,Muy Bajo,imagenes_satelitales/Puyehue-Cordon Caulle/2026-02-20/06-00-01_Puyehue-Cordon Caulle_VIIRS375_Latest.png,2026-02-20 07:35:33,2026-02-22 06:45:41,NO
1771566841,2026-02-20 05:54:01,2026-02-20 02:54:01,Lascar,VIIRS,1.57,1.5,ALERTA_TERMICA,Bajo,imagenes_satelitales/Lascar/2026-02-20/05-54-01_Lascar_VIIRS750_Latest.png,2026-02-20 05:50:41,2026-02-20 18:45:42,NO
1771566841,2026-02-20 05:54:01,2026-02-20 02:54:01,Lastarria,VIIRS375,0.05,2.4,ALERTA_TERMICA,Muy Bajo,imagenes_satelitales/Lastarria/2026-02-20/05-54-01_Lastarria_VIIRS375_Latest.png,2026-02-20 07:35:33,2026-02-22 06:45:41,NO
1771566841,2026-02-20 05:54:01,2026-02-20 02:54:01,Tupungatito,VIIRS375,0.17,4.89,ALERTA_TERMICA,Muy Bajo,imagenes_satelitales/Tupungatito/2026-02-20/05-54-01_Tupungatito_VIIRS375_Latest.png,2026-02-20 07:35:33,2026-02-22 06:45:41,NO
1771566841,2026-02-20 05:54:01,2026-02-20 02:54:01,Lascar,VIIRS375,2.11,1.19,ALERTA_TERMICA,Bajo,imagenes_satelitales/Lascar/2026-02-20/05-54-01_Lascar_VIIRS375_Latest.png,2026-02-20 07:35:33,2026-02-22 06:45:41,NO
1771485000,2026-02-19 07:10:00,2026-02-19 04:10:00,Lascar,MODIS,0.76,2.0,ALERTA_TERMICA,Muy Bajo,imagenes_satelitales/Lascar/2026-02-19/07-10-00_Lascar_MODIS_Latest.png,2026-02-19 06:50:44,2026-02-19 12:45:42,NO
1771481521,2026-02-19 06:12:01,2026-02-19 03:12:01,Lascar,VIIRS375,1.95,1.91,ALERTA_TERMICA,Bajo,imagenes_satelitales/Lascar/2026-02-19/06-12-01_Lascar_VIIRS375_Latest.png,2026-02-19 07:05:35,2026-02-19 18:15:40,NO
1771481521,2026-02-19 06:12:01,2026-02-19 03:12:01,Lascar,VIIRS,1.26,1.68,ALERTA_TERMICA,Bajo,imagenes_satelitales/Lascar/2026-02-19/06-12-01_Lascar_VIIRS750_Latest.png,2026-02-19 06:20:38,2026-02-19 18:15:40,NO
1771475761,2026-02-19 04:36:01,2026-02-19 01:36:01,Puyehue-Cordon Caulle,VIIRS375,0.36,8.55,ALERTA_TERMICA,Muy Bajo,imagenes_satelitales/Puyehue-Cordon Caulle/2026-02-19/04-36-01_Puyehue-Cordon Caulle_VIIRS375_Latest.png,2026-02-19 05:20:42,2026-02-19 08:00:43,NO
1771390441,2026-02-18 04:54:01,2026-02-18 01:54:01,Puyehue-Cordon Caulle,VIIRS375,0.52,8.55,ALERTA_TERMICA,Muy Bajo,imagenes_satelitales/Puyehue-Cordon Caulle/2026-02-18/04-54-01_Puyehue-Cordon Caulle_VIIRS375_Latest.png,2026-02-18 06:50:42,2026-02-18 08:00:41,NO
1771313400,2026-02-17 07:30:00,2026-02-17 04:30:00,Lascar,MODIS,1.03,1.0,ALERTA_TERMICA,Bajo,imagenes_satelitales/Lascar/2026-02-17/07-30-00_Lascar_MODIS_Latest.png,2026-02-17 07:20:39,2026-02-17 11:15:39,NO
1771309800,2026-02-17 06:30:00,2026-02-17 03:30:00,Tupungatito,VIIRS375,0.1,4.89,ALERTA_TERMICA,Muy Bajo,imagenes_satelitales/Tupungatito/2026-02-17/06-30-00_Tupungatito_VIIRS375_Latest.png,2026-02-17 07:20:39,2026-02-17 18:45:37,NO
1771304761,2026-02-17 05:06:01,2026-02-17 02:06:01,Lascar,VIIRS375,0.09,1.55,ALERTA_TERMICA,Muy Bajo,imagenes_satelitales/Lascar/2026-02-17/05-06-01_Lascar_VIIRS375_Latest.png,2026-02-17 05:06:38,2026-02-17 07:15:42,NO
1771219801,2026-02-16 05:30:01,2026-02-16 02:30:01,Lastarria,VIIRS375,0.04,2.4,ALERTA_TERMICA,Muy Bajo,imagenes_satelitales/Lastarria/2026-02-16/05-30-01_Lastarria_VIIRS375_Latest.png,2026-02-16 05:20:42,2026-02-16 08:15:40,NO
1771219801,2026-02-16 05:30:01,2026-02-16 02:30:01,Lascar,VIIRS,4.03,1.68,ALERTA_TERMICA,Bajo,imagenes_satelitales/Lascar/2026-02-16/05-30-01_Lascar_VIIRS750_Latest.png,2026-02-16 05:05:38,2026-02-16 17:30:43,NO
1771219801,2026-02-16 05:30:01,2026-02-16 02:30:01,Lascar,VIIRS375,4.34,1.55,ALERTA_TERMICA,Bajo,imagenes_satelitales/Lascar/2026-02-16/05-30-01_Lascar_VIIRS375_Latest.png,2026-02-16 05:20:42,2026-02-16 16:45:41,NO
1771219801,2026-02-16 05:30:01,2026-02-16 02:30:01,PlanchonPeteroa,VIIRS375,0.12,1.68,ALERTA_TERMICA,Muy Bajo,imagenes_satelitales/PlanchonPeteroa/2026-02-16/05-30-01_PlanchonPeteroa_VIIRS375_Latest.png,2026-02-16 05:20:42,2026-02-16 08:15:40,NO
1771204800,2026-02-16 01:20:00,2026-02-15 22:20:00,Lascar,MODIS,1.04,1.41,ALERTA_TERMICA,Bajo,imagenes_satelitales/Lascar/2026-02-16/01-20-00_Lascar_MODIS_Latest.png,2026-02-15 23:50:37,2026-02-16 06:00:44,NO
1771142100,2026-02-15 07:55:00,2026-02-15 04:55:00,Lascar,MODIS,0.62,1.41,ALERTA_TERMICA,Muy Bajo,imagenes_satelitales/Lascar/2026-02-15/07-55-00_Lascar_MODIS_Latest.png,2026-02-15 07:20:45,2026-02-15 11:45:39,NO
1771134481,2026-02-15 05:48:01,2026-02-15 02:48:01,Lastarria,VIIRS375,0.25,2.4,ALERTA_TERMICA,Muy Bajo,imagenes_satelitales/Lastarria/2026-02-15/05-48-01_Lastarria_VIIRS375_Latest.png,2026-02-15 07:20:45,2026-02-15 18:30:41,NO
1771134481,2026-02-15 05:48:01,2026-02-15 02:48:01,PlanchonPeteroa,VIIRS375,0.18,1.91,ALERTA_TERMICA,Muy Bajo,imagenes_satelitales/PlanchonPeteroa/2026-02-15/05-48-01_PlanchonPeteroa_VIIRS375_Latest.png,2026-02-15 07:20:45,2026-02-15 18:30:41,NO
1771134481,2026-02-15 05:48:01,2026-02-15 02:48:01,Lascar,VIIRS,4.54,1.5,ALERTA_TERMICA,Bajo,imagenes_satelitales/Lascar/2026-02-15/05-48-01_Lascar_VIIRS750_Latest.png,2026-02-15 06:20:40,2026-02-15 18:15:42,NO
1771133400,2026-02-15 05:30:00,2026-02-15 02:30:00,Puyehue-Cordon Caulle,VIIRS375,0.42,7.83,ALERTA_TERMICA,Muy Bajo,imagenes_satelitales/Puyehue-Cordon Caulle/2026-02-15/05-30-00_Puyehue-Cordon Caulle_VIIRS375_Latest.png,2026-02-15 07:35:41,2026-02-15 18:30:41,NO
1771093801,2026-02-14 18:30:01,2026-02-14 15:30:01,Lascar,VIIRS375,1.85,1.13,ALERTA_TERMICA,Bajo,imagenes_satelitales/Lascar/2026-02-14/18-30-01_Lascar_VIIRS375_Latest.png,2026-02-14 19:35:38,2026-02-15 07:15:43,NO
1771053300,2026-02-14 07:15:00,2026-02-14 04:15:00,Lascar,MODIS,3.94,1.41,ALERTA_TERMICA,Bajo,imagenes_satelitales/Lascar/2026-02-14/07-15-00_Lascar_MODIS_Latest.png,2026-02-14 07:05:38,2026-02-14 10:45:42,NO
1771049161,2026-02-14 06:06:01,2026-02-14 03:06:01,Lascar,VIIRS,2.63,1.68,ALERTA_TERMICA,Bajo,imagenes_satelitales/Lascar/2026-02-14/06-06-01_Lascar_VIIRS750_Latest.png,2026-02-14 07:05:38,2026-02-14 18:15:37,NO
1771049161,2026-02-14 06:06:01,2026-02-14 03:06:01,Tupungatito,VIIRS375,0.08,4.89,ALERTA_TERMICA,Muy Bajo,imagenes_satelitales/Tupungatito/2026-02-14/06-06-01_Tupungatito_VIIRS375_Latest.png,2026-02-14 10:30:40,2026-02-14 19:00:40,NO
1771049161,2026-02-14 06:06:01,2026-02-14 03:06:01,Lascar,VIIRS375,3.75,1.5,ALERTA_TERMICA,Bajo,imagenes_satelitales/Lascar/2026-02-14/06-06-01_Lascar_VIIRS375_Latest.png,2026-02-14 07:50:39,2026-02-14 19:00:40,NO
1771033200,2026-02-14 01:40:00,2026-02-13 22:40:00,Lascar,MODIS,3.43,1.41,ALERTA_TERMICA,Bajo,imagenes_satelitales/Lascar/2026-02-14/01-40-00_Lascar_MODIS_Latest.png,2026-02-14 00:35:38,2026-02-14 07:00:40,NO
1770964201,2026-02-13 06:30:01,2026-02-13 03:30:01,Puyehue-Cordon Caulle,VIIRS375,0.02,8.19,ALERTA_TERMICA,Muy Bajo,imagenes_satelitales/Puyehue-Cordon Caulle/2026-02-13/06-30-01_Puyehue-Cordon Caulle_VIIRS375_Latest.png,2026-02-13 08:05:39,2026-02-13 19:31:03,NO
1770963841,2026-02-13 06:24:01,2026-02-13 03:24:01,Lastarria,VIIRS375,0.1,1.55,ALERTA_TERMICA,Muy Bajo,imagenes_satelitales/Lastarria/2026-02-13/06-24-01_Lastarria_VIIRS375_Latest.png,2026-02-13 09:20:40,2026-02-13 19:31:03,NO
1770881700,2026-02-12 07:35:00,2026-02-12 04:35:00,Lascar,MODIS,2.96,1.41,ALERTA_TERMICA,Bajo,imagenes_satelitales/Lascar/2026-02-12/07-35-00_Lascar_MODIS_Latest.png,2026-02-12 07:35:35,2026-02-12 12:30:40,NO
1770877440,2026-02-12 06:24:00,2026-02-12 03:24:00,Lascar,VIIRS375,0.34,1.19,ALERTA_TERMICA,Muy Bajo,imagenes_satelitales/Lascar/2026-02-12/06-24-00_Lascar_VIIRS375_Latest.png,2026-02-12 07:35:35,2026-02-12 19:45:40,NO
1770877440,2026-02-12 06:24:00,2026-02-12 03:24:00,Lastarria,VIIRS375,0.07,1.55,ALERTA_TERMICA,Muy Bajo,imagenes_satelitales/Lastarria/2026-02-12/06-24-00_Lastarria_VIIRS375_Latest.png,2026-02-12 07:35:35,2026-02-12 19:45:40,NO
1770877440,2026-02-12 06:24:00,2026-02-12 03:24:00,Lascar,VIIRS,0.15,1.5,ALERTA_TERMICA,Muy Bajo,imagenes_satelitales/Lascar/2026-02-12/06-24-00_Lascar_VIIRS750_Latest.png,2026-02-12 07:05:38,2026-02-12 18:30:40,NO
1770872401,2026-02-12 05:00:01,2026-02-12 02:00:01,Lascar,VIIRS,0.68,2.25,ALERTA_TERMICA,Muy Bajo,imagenes_satelitales/Lascar/2026-02-12/05-00-01_Lascar_VIIRS750_Latest.png,2026-02-12 04:50:33,2026-02-12 07:00:41,NO
1770861600,2026-02-12 02:00:00,2026-02-11 23:00:00,Lascar,MODIS,2.3,1.41,ALERTA_TERMICA,Bajo,imagenes_satelitales/Lascar/2026-02-12/02-00-00_Lascar_MODIS_Latest.png,2026-02-12 02:20:40,2026-02-12 07:30:42,NO
1770793200,2026-02-11 07:00:00,2026-02-11 04:00:00,Lascar,MODIS,0.48,1.41,ALERTA_TERMICA,Muy Bajo,imagenes_satelitales/Lascar/2026-02-11/07-00-00_Lascar_MODIS_Latest.png,2026-02-11 06:50:40,2026-02-11 12:00:57,NO
1770786000,2026-02-11 05:00:00,2026-02-11 02:00:00,Lascar,VIIRS375,0.65,1.88,ALERTA_TERMICA,Muy Bajo,imagenes_satelitales/Lascar/2026-02-11/05-00-00_Lascar_VIIRS375_Latest.png,2026-02-11 06:50:40,2026-02-11 08:15:42,NO
1770772800,2026-02-11 01:20:00,2026-02-10 22:20:00,Lascar,MODIS,0.32,1.0,ALERTA_TERMICA,Muy Bajo,imagenes_satelitales/Lascar/2026-02-11/01-20-00_Lascar_MODIS_Latest.png,2026-02-11 00:05:39,2026-02-11 06:45:42,NO
1770746761,2026-02-10 18:06:01,2026-02-10 15:06:01,Lascar,VIIRS375,2.1,0.84,ALERTA_TERMICA,Bajo,imagenes_satelitales/Lascar/2026-02-10/18-06-01_Lascar_VIIRS375_Latest.png,2026-02-10 19:50:53,2026-02-11 06:45:42,NO
1770702121,2026-02-10 05:42:01,2026-02-10 02:42:01,Lastarria,VIIRS375,0.12,2.4,ALERTA_TERMICA,Muy Bajo,imagenes_satelitales/Lastarria/2026-02-10/05-42-01_Lastarria_VIIRS375_Latest.png,2026-02-10 07:50:42,2026-02-10 19:45:45,NO
1770702121,2026-02-10 05:42:01,2026-02-10 02:42:01,Puyehue-Cordon Caulle,VIIRS375,0.2,7.73,ALERTA_TERMICA,Muy Bajo,imagenes_satelitales/Puyehue-Cordon Caulle/2026-02-10/05-42-01_Puyehue-Cordon Caulle_VIIRS375_Latest.png,2026-02-10 08:05:38,2026-02-10 19:45:45,NO
1770702121,2026-02-10 05:42:01,2026-02-10 02:42:01,Lascar,VIIRS,4.05,1.5,ALERTA_TERMICA,Bajo,imagenes_satelitales/Lascar/2026-02-10/05-42-01_Lascar_VIIRS750_Latest.png,2026-02-10 05:35:42,2026-02-10 18:16:03,NO
1770702121,2026-02-10 05:42:01,2026-02-10 02:42:01,PlanchonPeteroa,VIIRS375,0.07,1.68,ALERTA_TERMICA,Muy Bajo,imagenes_satelitales/PlanchonPeteroa/2026-02-10/05-42-01_PlanchonPeteroa_VIIRS375_Latest.png,2026-02-10 08:05:38,2026-02-10 19:45:45,NO
1770702121,2026-02-10 05:42:01,2026-02-10 02:42:01,Lascar,VIIRS375,4.14,1.5,ALERTA_TERMICA,Bajo,imagenes_satelitales/Lascar/2026-02-10/05-42-01_Lascar_VIIRS375_Latest.png,2026-02-10 07:50:42,2026-02-10 19:45:45,NO
1770701761,2026-02-10 05:36:01,2026-02-10 02:36:01,Isluga,VIIRS375,0.36,0.53,ALERTA_TERMICA,Muy Bajo,imagenes_satelitales/Isluga/2026-02-10/05-36-01_Isluga_VIIRS375_Latest.png,2026-02-10 07:50:42,2026-02-10 19:45:45,NO
1770621600,2026-02-09 07:20:00,2026-02-09 04:20:00,Lascar,MODIS,1.64,1.0,ALERTA_TERMICA,Bajo,imagenes_satelitales/Lascar/2026-02-09/07-20-00_Lascar_MODIS_Latest.png,2026-02-09 07:05:37,2026-02-09 11:15:40,NO
1770616801,2026-02-09 06:00:01,2026-02-09 03:00:01,Isluga,VIIRS375,0.1,0.53,ALERTA_TERMICA,Muy Bajo,imagenes_satelitales/Isluga/2026-02-09/06-00-01_Isluga_VIIRS375_Latest.png,2026-02-09 07:50:37,2026-02-09 18:46:12,NO
1770616801,2026-02-09 06:00:01,2026-02-09 03:00:01,Lastarria,VIIRS375,0.06,2.19,ALERTA_TERMICA,Muy Bajo,imagenes_satelitales/Lastarria/2026-02-09/06-00-01_Lastarria_VIIRS375_Latest.png,2026-02-09 07:50:37,2026-02-09 18:46:12,NO
1770616801,2026-02-09 06:00:01,2026-02-09 03:00:01,Lascar,VIIRS,3.69,1.68,ALERTA_TERMICA,Bajo,imagenes_satelitales/Lascar/2026-02-09/06-00-01_Lascar_VIIRS750_Latest.png,2026-02-09 07:05:37,2026-02-09 18:16:02,NO
1770616801,2026-02-09 06:00:01,2026-02-09 03:00:01,Lascar,VIIRS375,4.61,1.19,ALERTA_TERMICA,Bajo,imagenes_satelitales/Lascar/2026-02-09/06-00-01_Lascar_VIIRS375_Latest.png,2026-02-09 07:50:37,2026-02-09 18:46:12,NO
1770601200,2026-02-09 01:40:00,2026-02-08 22:40:00,Lascar,MODIS,1.67,1.0,ALERTA_TERMICA,Bajo,imagenes_satelitales/Lascar/2026-02-09/01-40-00_Lascar_MODIS_Latest.png,2026-02-08 23:50:38,2026-02-09 07:00:38,NO
1770531841,2026-02-08 06:24:01,2026-02-08 03:24:01,Puyehue-Cordon Caulle,VIIRS375,0.36,7.73,ALERTA_TERMICA,Muy Bajo,imagenes_satelitales/Puyehue-Cordon Caulle/2026-02-08/06-24-01_Puyehue-Cordon Caulle_VIIRS375_Latest.png,2026-02-08 07:05:40,2026-02-08 18:15:39,NO
1770531481,2026-02-08 06:18:01,2026-02-08 03:18:01,PlanchonPeteroa,VIIRS375,0.06,1.68,ALERTA_TERMICA,Muy Bajo,imagenes_satelitales/PlanchonPeteroa/2026-02-08/06-18-01_PlanchonPeteroa_VIIRS375_Latest.png,2026-02-08 07:05:40,2026-02-08 18:30:38,NO
1770525721,2026-02-08 04:42:01,2026-02-08 01:42:01,Puyehue-Cordon Caulle,VIIRS375,0.5,8.55,ALERTA_TERMICA,Muy Bajo,imagenes_satelitales/Puyehue-Cordon Caulle/2026-02-08/04-42-01_Puyehue-Cordon Caulle_VIIRS375_Latest.png,2026-02-08 06:20:40,2026-02-08 07:00:43,NO
1770446521,2026-02-07 06:42:01,2026-02-07 03:42:01,Puyehue-Cordon Caulle,VIIRS375,0.76,8.1,ALERTA_TERMICA,Muy Bajo,imagenes_satelitales/Puyehue-Cordon Caulle/2026-02-07/06-42-01_Puyehue-Cordon Caulle_VIIRS375_Latest.png,2026-02-07 06:50:38,2026-02-07 19:15:40,NO
1770446521,2026-02-07 06:42:01,2026-02-07 03:42:01,Chaiten,VIIRS375,0.05,0.38,ALERTA_TERMICA,Muy Bajo,imagenes_satelitales/Chaiten/2026-02-07/06-42-01_Chaiten_VIIRS375_Latest.png,2026-02-07 06:50:38,2026-02-07 19:15:40,NO
1770446161,2026-02-07 06:36:01,2026-02-07 03:36:01,Isluga,VIIRS375,0.04,0.53,ALERTA_TERMICA,Muy Bajo,imagenes_satelitales/Isluga/2026-02-07/06-36-01_Isluga_VIIRS375_Latest.png,2026-02-07 06:35:36,2026-02-07 18:45:40,NO
1770440401,2026-02-07 05:00:01,2026-02-07 02:00:01,Puyehue-Cordon Caulle,VIIRS375,0.35,8.1,ALERTA_TERMICA,Muy Bajo,imagenes_satelitales/Puyehue-Cordon Caulle/2026-02-07/05-00-01_Puyehue-Cordon Caulle_VIIRS375_Latest.png,2026-02-07 05:35:37,2026-02-07 06:45:39,NO
1770360120,2026-02-06 06:42:00,2026-02-06 03:42:00,Puyehue-Cordon Caulle,VIIRS375,0.2,7.65,ALERTA_TERMICA,Muy Bajo,imagenes_satelitales/Puyehue-Cordon Caulle/2026-02-06/06-42-00_Puyehue-Cordon Caulle_VIIRS375_Latest.png,2026-02-06 11:05:39,2026-02-06 18:45:40,NO
1770359760,2026-02-06 06:36:00,2026-02-06 03:36:00,Isluga,VIIRS375,0.09,0.84,ALERTA_TERMICA,Muy Bajo,imagenes_satelitales/Isluga/2026-02-06/06-36-00_Isluga_VIIRS375_Latest.png,2026-02-06 10:50:42,2026-02-06 18:00:41,NO
1770355081,2026-02-06 05:18:01,2026-02-06 02:18:01,Puyehue-Cordon Caulle,VIIRS375,0.19,7.83,ALERTA_TERMICA,Muy Bajo,imagenes_satelitales/Puyehue-Cordon Caulle/2026-02-06/05-18-01_Puyehue-Cordon Caulle_VIIRS375_Latest.png,2026-02-06 08:50:37,2026-02-06 11:00:51,NO
1770355081,2026-02-06 05:18:01,2026-02-06 02:18:01,Puyehue-Cordon Caulle,VIIRS,0.59,7.83,ALERTA_TERMICA,Muy Bajo,imagenes_satelitales/Puyehue-Cordon Caulle/2026-02-06/05-18-01_Puyehue-Cordon Caulle_VIIRS750_Latest.png,2026-02-06 08:50:37,2026-02-06 09:30:41,NO
1770354721,2026-02-06 05:12:01,2026-02-06 02:12:01,Lascar,VIIRS375,0.24,1.19,ALERTA_TERMICA,Muy Bajo,imagenes_satelitales/Lascar/2026-02-06/05-12-01_Lascar_VIIRS375_Latest.png,2026-02-06 08:50:37,2026-02-06 10:45:37,NO
1770354721,2026-02-06 05:12:01,2026-02-06 02:12:01,Isluga,VIIRS375,0.16,0.75,ALERTA_TERMICA,Muy Bajo,imagenes_satelitales/Isluga/2026-02-06/05-12-01_Isluga_VIIRS375_Latest.png,2026-02-06 08:50:37,2026-02-06 10:45:37,NO
1770269761,2026-02-05 05:36:01,2026-02-05 02:36:01,Lascar,VIIRS375,0.32,1.13,ALERTA_TERMICA,Muy Bajo,imagenes_satelitales/Lascar/2026-02-05/05-36-01_Lascar_VIIRS375_Latest.png,2026-02-05 08:05:39,2026-02-05 19:00:36,NO
1770269761,2026-02-05 05:36:01,2026-02-05 02:36:01,Lascar,VIIRS,0.28,0.75,ALERTA_TERMICA,Muy Bajo,imagenes_satelitales/Lascar/2026-02-05/05-36-01_Lascar_VIIRS750_Latest.png,2026-02-05 06:35:35,2026-02-05 18:15:40,NO
1770269761,2026-02-05 05:36:01,2026-02-05 02:36:01,Lastarria,VIIRS375,0.16,2.4,ALERTA_TERMICA,Muy Bajo,imagenes_satelitales/Lastarria/2026-02-05/05-36-01_Lastarria_VIIRS375_Latest.png,2026-02-05 08:05:39,2026-02-05 19:00:36,NO
1770184441,2026-02-04 05:54:01,2026-02-04 02:54:01,Lastarria,VIIRS375,0.07,1.35,ALERTA_TERMICA,Muy Bajo,imagenes_satelitales/Lastarria/2026-02-04/05-54-01_Lastarria_VIIRS375_Latest.png,2026-02-04 06:35:37,2026-02-04 18:15:39,NO
1770184441,2026-02-04 05:54:01,2026-02-04 02:54:01,Lascar,VIIRS375,0.34,1.5,ALERTA_TERMICA,Muy Bajo,imagenes_satelitales/Lascar/2026-02-04/05-54-01_Lascar_VIIRS375_Latest.png,2026-02-04 06:35:37,2026-02-04 18:15:39,NO
1770184441,2026-02-04 05:54:01,2026-02-04 02:54:01,Lascar,VIIRS,0.23,1.5,ALERTA_TERMICA,Muy Bajo,imagenes_satelitales/Lascar/2026-02-04/05-54-01_Lascar_VIIRS750_Latest.png,2026-02-04 05:50:36,2026-02-04 17:15:41,NO
1770142320,2026-02-03 18:12:00,2026-02-03 15:12:00,Puyehue-Cordon Caulle,VIIRS,0.9,4.74,ALERTA_TERMICA,Muy Bajo,imagenes_satelitales/Puyehue-Cordon Caulle/2026-02-03/18-12-00_Puyehue-Cordon Caulle_VIIRS750_Latest.png,2026-02-03 17:50:55,2026-02-03 18:31:00,NO
1770099121,2026-02-03 06:12:01,2026-02-03 03:12:01,Lastarria,VIIRS375,0.04,1.19,ALERTA_TERMICA,Muy Bajo,imagenes_satelitales/Lastarria/2026-02-03/06-12-01_Lastarria_VIIRS375_Latest.png,2026-02-03 06:20:41,2026-02-03 19:30:37,NO
1770099121,2026-02-03 06:12:01,2026-02-03 03:12:01,Isluga,VIIRS375,0.07,0.53,ALERTA_TERMICA,Muy Bajo,imagenes_satelitales/Isluga/2026-02-03/06-12-01_Isluga_VIIRS375_Latest.png,2026-02-03 06:20:41,2026-02-03 19:15:39,NO
1770099121,2026-02-03 06:12:01,2026-02-03 03:12:01,Lascar,VIIRS375,0.14,1.19,ALERTA_TERMICA,Muy Bajo,imagenes_satelitales/Lascar/2026-02-03/06-12-01_Lascar_VIIRS375_Latest.png,2026-02-03 06:20:41,2026-02-03 19:30:37,NO
1770013801,2026-02-02 06:30:01,2026-02-02 03:30:01,Lastarria,VIIRS375,0.1,1.55,ALERTA_TERMICA,Muy Bajo,imagenes_satelitales/Lastarria/2026-02-02/06-30-01_Lastarria_VIIRS375_Latest.png,2026-02-02 07:50:42,2026-02-02 16:20:36,NO
1770012720,2026-02-02 06:12:00,2026-02-02 03:12:00,Lastarria,VIIRS375,0.05,1.19,ALERTA_TERMICA,Muy Bajo,imagenes_satelitales/Lastarria/2026-02-02/06-12-00_Lastarria_VIIRS375_Latest.png,2026-02-02 06:50:57,2026-02-02 07:45:41,NO
1770012360,2026-02-02 06:06:00,2026-02-02 03:06:00,Isluga,VIIRS375,0.1,0.84,ALERTA_TERMICA,Muy Bajo,imagenes_satelitales/Isluga/2026-02-02/06-06-00_Isluga_VIIRS375_Latest.png,2026-02-02 06:50:57,2026-02-02 07:45:41,NO
1770008041,2026-02-02 04:54:01,2026-02-02 01:54:01,Puyehue-Cordon Caulle,VIIRS375,0.56,8.55,ALERTA_TERMICA,Muy Bajo,imagenes_satelitales/Puyehue-Cordon Caulle/2026-02-02/04-54-01_Puyehue-Cordon Caulle_VIIRS375_Latest.png,2026-02-02 05:35:40,2026-02-02 06:15:38,NO
1769927400,2026-02-01 06:30:00,2026-02-01 03:30:00,Lastarria,VIIRS375,0.09,1.55,ALERTA_TERMICA,Muy Bajo,imagenes_satelitales/Lastarria/2026-02-01/06-30-00_Lastarria_VIIRS375_Latest.png,2026-02-01 08:20:39,2026-02-01 18:30:43,NO
1769922721,2026-02-01 05:12:01,2026-02-01 02:12:01,Puyehue-Cordon Caulle,VIIRS,0.57,7.83,ALERTA_TERMICA,Muy Bajo,imagenes_satelitales/Puyehue-Cordon Caulle/2026-02-01/05-12-01_Puyehue-Cordon Caulle_VIIRS750_Latest.png,2026-02-01 05:05:34,2026-02-01 06:45:37,NO
1769922721,2026-02-01 05:12:01,2026-02-01 02:12:01,Puyehue-Cordon Caulle,VIIRS375,0.65,8.3,ALERTA_TERMICA,Muy Bajo,imagenes_satelitales/Puyehue-Cordon Caulle/2026-02-01/05-12-01_Puyehue-Cordon Caulle_VIIRS375_Latest.png,2026-02-01 05:50:39,2026-02-01 08:15:40,NO
1769922361,2026-02-01 05:06:01,2026-02-01 02:06:01,Isluga,VIIRS375,0.11,0.53,ALERTA_TERMICA,Muy Bajo,imagenes_satelitales/Isluga/2026-02-01/05-06-01_Isluga_VIIRS375_Latest.png,2026-02-01 05:50:39,2026-02-01 08:15:40,NO
1769922361,2026-02-01 05:06:01,2026-02-01 02:06:01,Lascar,VIIRS375,0.21,1.19,ALERTA_TERMICA,Muy Bajo,imagenes_satelitales/Lascar/2026-02-01/05-06-01_Lascar_VIIRS375_Latest.png,2026-02-01 05:50:39,2026-02-01 08:15:40,NO
1769837401,2026-01-31 05:30:01,2026-01-31 02:30:01,Lastarria,VIIRS375,0.06,2.7,ALERTA_TERMICA,Muy Bajo,imagenes_satelitales/Lastarria/2026-01-31/05-30-01_Lastarria_VIIRS375_Latest.png,2026-01-31 06:05:39,2026-01-31 07:30:42,NO
1769837401,2026-01-31 05:30:01,2026-01-31 02:30:01,Puyehue-Cordon Caulle,VIIRS375,0.13,2.86,ALERTA_TERMICA,Muy Bajo,imagenes_satelitales/Puyehue-Cordon Caulle/2026-01-31/05-30-01_Puyehue-Cordon Caulle_VIIRS375_Latest.png,2026-01-31 06:05:39,2026-01-31 07:30:42,NO
1769835960,2026-01-31 05:06:00,2026-01-31 02:06:00,Lascar,VIIRS375,0.21,1.19,ALERTA_TERMICA,Muy Bajo,imagenes_satelitales/Lascar/2026-01-31/05-06-00_Lascar_VIIRS375_Latest.png,2026-01-31 06:05:39,2026-01-31 16:30:41,NO
1769752441,2026-01-30 05:54:01,2026-01-30 02:54:01,Chaiten,VIIRS375,0.22,0.38,ALERTA_TERMICA,Muy Bajo,imagenes_satelitales/Chaiten/2026-01-30/05-54-01_Chaiten_VIIRS375_Latest.png,2026-01-30 07:20:37,2026-01-30 19:00:40,NO
1769752081,2026-01-30 05:48:01,2026-01-30 02:48:01,Puyehue-Cordon Caulle,VIIRS375,0.21,8.19,ALERTA_TERMICA,Muy Bajo,imagenes_satelitales/Puyehue-Cordon Caulle/2026-01-30/05-48-01_Puyehue-Cordon Caulle_VIIRS375_Latest.png,2026-01-30 07:20:37,2026-01-30 19:00:40,NO
1769667121,2026-01-29 06:12:01,2026-01-29 03:12:01,Puyehue-Cordon Caulle,VIIRS,1.22,7.83,ALERTA_TERMICA,Bajo,imagenes_satelitales/Puyehue-Cordon Caulle/2026-01-29/06-12-01_Puyehue-Cordon Caulle_VIIRS750_Latest.png,2026-01-29 06:50:41,2026-01-29 17:30:39,NO
1769667121,2026-01-29 06:12:01,2026-01-29 03:12:01,Puyehue-Cordon Caulle,VIIRS375,0.72,8.02,ALERTA_TERMICA,Muy Bajo,imagenes_satelitales/Puyehue-Cordon Caulle/2026-01-29/06-12-01_Puyehue-Cordon Caulle_VIIRS375_Latest.png,2026-01-29 07:05:39,2026-01-29 17:30:39,NO
1769661001,2026-01-29 04:30:01,2026-01-29 01:30:01,Puyehue-Cordon Caulle,VIIRS375,0.31,8.66,ALERTA_TERMICA,Muy Bajo,imagenes_satelitales/Puyehue-Cordon Caulle/2026-01-29/04-30-01_Puyehue-Cordon Caulle_VIIRS375_Latest.png,2026-01-29 05:20:38,2026-01-29 07:00:41,NO
1769581441,2026-01-28 06:24:01,2026-01-28 03:24:01,Lastarria,VIIRS375,0.13,1.55,ALERTA_TERMICA,Muy Bajo,imagenes_satelitales/Lastarria/2026-01-28/06-24-01_Lastarria_VIIRS375_Latest.png,2026-01-28 07:25:39,2026-01-28 19:00:47,NO
1769495040,2026-01-27 06:24:00,2026-01-27 03:24:00,Lastarria,VIIRS375,0.17,2.4,ALERTA_TERMICA,Muy Bajo,imagenes_satelitales/Lastarria/2026-01-27/06-24-00_Lastarria_VIIRS375_Latest.png,2026-01-27 10:05:38,2026-01-27 18:45:59,NO
1769405041,2026-01-26 05:24:01,2026-01-26 02:24:01,Puyehue-Cordon Caulle,VIIRS375,0.48,8.1,ALERTA_TERMICA,Muy Bajo,imagenes_satelitales/Puyehue-Cordon Caulle/2026-01-26/05-24-01_Puyehue-Cordon Caulle_VIIRS375_Latest.png,2026-01-26 06:20:41,2026-01-26 08:30:45,NO
1769405041,2026-01-26 05:24:01,2026-01-26 02:24:01,Puyehue-Cordon Caulle,VIIRS,0.93,7.83,ALERTA_TERMICA,Muy Bajo,imagenes_satelitales/Puyehue-Cordon Caulle/2026-01-26/05-24-01_Puyehue-Cordon Caulle_VIIRS750_Latest.png,2026-01-26 05:35:41,2026-01-26 06:30:40,NO
1769404681,2026-01-26 05:18:01,2026-01-26 02:18:01,Lascar,VIIRS375,0.3,1.19,ALERTA_TERMICA,Muy Bajo,imagenes_satelitales/Lascar/2026-01-26/05-18-01_Lascar_VIIRS375_Latest.png,2026-01-26 06:20:41,2026-01-26 08:30:45,NO
1769404681,2026-01-26 05:18:01,2026-01-26 02:18:01,Isluga,VIIRS375,0.3,0.84,ALERTA_TERMICA,Muy Bajo,imagenes_satelitales/Isluga/2026-01-26/05-18-01_Isluga_VIIRS375_Latest.png,2026-01-26 06:20:41,2026-01-26 08:30:45,NO
1769319721,2026-01-25 05:42:01,2026-01-25 02:42:01,Puyehue-Cordon Caulle,VIIRS375,0.65,7.73,ALERTA_TERMICA,Muy Bajo,imagenes_satelitales/Puyehue-Cordon Caulle/2026-01-25/05-42-01_Puyehue-Cordon Caulle_VIIRS375_Latest.png,2026-01-25 06:20:42,2026-01-25 18:00:44,NO
1769319721,2026-01-25 05:42:01,2026-01-25 02:42:01,Lascar,VIIRS,0.39,1.5,ALERTA_TERMICA,Muy Bajo,imagenes_satelitales/Lascar/2026-01-25/05-42-01_Lascar_VIIRS750_Latest.png,2026-01-25 05:50:38,2026-01-25 18:00:44,NO
1769319721,2026-01-25 05:42:01,2026-01-25 02:42:01,Puyehue-Cordon Caulle,VIIRS,0.86,7.83,ALERTA_TERMICA,Muy Bajo,imagenes_satelitales/Puyehue-Cordon Caulle/2026-01-25/05-42-01_Puyehue-Cordon Caulle_VIIRS750_Latest.png,2026-01-25 05:50:38,2026-01-25 18:00:44,NO
1769319721,2026-01-25 05:42:01,2026-01-25 02:42:01,Lastarria,VIIRS375,0.14,2.4,ALERTA_TERMICA,Muy Bajo,imagenes_satelitales/Lastarria/2026-01-25/05-42-01_Lastarria_VIIRS375_Latest.png,2026-01-25 06:05:41,2026-01-25 18:00:44,NO
1769319721,2026-01-25 05:42:01,2026-01-25 02:42:01,Lascar,VIIRS375,0.49,2.73,ALERTA_TERMICA,Muy Bajo,imagenes_satelitales/Lascar/2026-01-25/05-42-01_Lascar_VIIRS375_Latest.png,2026-01-25 06:05:41,2026-01-25 18:00:44,NO
1769234761,2026-01-24 06:06:01,2026-01-24 03:06:01,Chaiten,VIIRS375,0.13,0.53,ALERTA_TERMICA,Muy Bajo,imagenes_satelitales/Chaiten/2026-01-24/06-06-01_Chaiten_VIIRS375_Latest.png,2026-01-24 08:35:38,2026-01-24 20:00:41,NO
1769234761,2026-01-24 06:06:01,2026-01-24 03:06:01,Puyehue-Cordon Caulle,VIIRS375,0.58,8.19,ALERTA_TERMICA,Muy Bajo,imagenes_satelitales/Puyehue-Cordon Caulle/2026-01-24/06-06-01_Puyehue-Cordon Caulle_VIIRS375_Latest.png,2026-01-24 08:35:38,2026-01-24 20:15:38,NO
1769234401,2026-01-24 06:00:01,2026-01-24 03:00:01,Lascar,VIIRS375,0.05,1.19,ALERTA_TERMICA,Muy Bajo,imagenes_satelitales/Lascar/2026-01-24/06-00-01_Lascar_VIIRS375_Latest.png,2026-01-24 08:35:38,2026-01-24 20:15:38,NO
1769233320,2026-01-24 05:42:00,2026-01-24 02:42:00,Puyehue-Cordon Caulle,VIIRS,0.94,7.83,ALERTA_TERMICA,Muy Bajo,imagenes_satelitales/Puyehue-Cordon Caulle/2026-01-24/05-42-00_Puyehue-Cordon Caulle_VIIRS750_Latest.png,2026-01-24 07:20:39,2026-01-24 07:45:36,NO
1769149441,2026-01-23 06:24:01,2026-01-23 03:24:01,Puyehue-Cordon Caulle,VIIRS,0.49,7.65,ALERTA_TERMICA,Muy Bajo,imagenes_satelitales/Puyehue-Cordon Caulle/2026-01-23/06-24-01_Puyehue-Cordon Caulle_VIIRS750_Latest.png,2026-01-23 06:20:38,2026-01-23 18:31:13,NO
1769149441,2026-01-23 06:24:01,2026-01-23 03:24:01,Puyehue-Cordon Caulle,VIIRS375,0.67,7.83,ALERTA_TERMICA,Muy Bajo,imagenes_satelitales/Puyehue-Cordon Caulle/2026-01-23/06-24-01_Puyehue-Cordon Caulle_VIIRS375_Latest.png,2026-01-23 06:20:38,2026-01-23 19:15:41,NO
1769149081,2026-01-23 06:18:01,2026-01-23 03:18:01,PlanchonPeteroa,VIIRS375,0.06,1.68,ALERTA_TERMICA,Muy Bajo,imagenes_satelitales/PlanchonPeteroa/2026-01-23/06-18-01_PlanchonPeteroa_VIIRS375_Latest.png,2026-01-23 07:35:38,2026-01-23 19:30:35,NO
1769149081,2026-01-23 06:18:01,2026-01-23 03:18:01,Lastarria,VIIRS375,0.21,1.91,ALERTA_TERMICA,Muy Bajo,imagenes_satelitales/Lastarria/2026-01-23/06-18-01_Lastarria_VIIRS375_Latest.png,2026-01-23 07:35:38,2026-01-23 19:30:35,NO
1769148000,2026-01-23 06:00:00,2026-01-23 03:00:00,Puyehue-Cordon Caulle,VIIRS,1.34,7.83,ALERTA_TERMICA,Bajo,imagenes_satelitales/Puyehue-Cordon Caulle/2026-01-23/06-00-00_Puyehue-Cordon Caulle_VIIRS750_Latest.png,2026-01-23 05:50:46,2026-01-23 06:15:40,NO
1769147640,2026-01-23 05:54:00,2026-01-23 02:54:00,Lascar,VIIRS375,0.09,1.13,ALERTA_TERMICA,Muy Bajo,imagenes_satelitales/Lascar/2026-01-23/05-54-00_Lascar_VIIRS375_Latest.png,2026-01-23 06:50:41,2026-01-23 07:30:44,NO
1769143321,2026-01-23 04:42:01,2026-01-23 01:42:01,Puyehue-Cordon Caulle,VIIRS375,0.39,8.66,ALERTA_TERMICA,Muy Bajo,imagenes_satelitales/Puyehue-Cordon Caulle/2026-01-23/04-42-01_Puyehue-Cordon Caulle_VIIRS375_Latest.png,2026-01-23 04:50:41,2026-01-23 06:15:40,NO
1769062680,2026-01-22 06:18:00,2026-01-22 03:18:00,Puyehue-Cordon Caulle,VIIRS375,0.09,2.25,ALERTA_TERMICA,Muy Bajo,imagenes_satelitales/Puyehue-Cordon Caulle/2026-01-22/06-18-00_Puyehue-Cordon Caulle_VIIRS375_Latest.png,2026-01-22 07:05:40,2026-01-22 07:30:42,NO
1769058001,2026-01-22 05:00:01,2026-01-22 02:00:01,Puyehue-Cordon Caulle,VIIRS375,0.51,8.19,ALERTA_TERMICA,Muy Bajo,imagenes_satelitales/Puyehue-Cordon Caulle/2026-01-22/05-00-01_Puyehue-Cordon Caulle_VIIRS375_Latest.png,2026-01-22 05:05:39,2026-01-22 07:00:44,NO
1768977720,2026-01-21 06:42:00,2026-01-21 03:42:00,Puyehue-Cordon Caulle,VIIRS375,0.38,7.65,ALERTA_TERMICA,Muy Bajo,imagenes_satelitales/Puyehue-Cordon Caulle/2026-01-21/06-42-00_Puyehue-Cordon Caulle_VIIRS375_Latest.png,2026-01-21 09:20:39,2026-01-21 18:31:12,NO
1768972681,2026-01-21 05:18:01,2026-01-21 02:18:01,Puyehue-Cordon Caulle,VIIRS,0.46,7.65,ALERTA_TERMICA,Muy Bajo,imagenes_satelitales/Puyehue-Cordon Caulle/2026-01-21/05-18-01_Puyehue-Cordon Caulle_VIIRS750_Latest.png,2026-01-21 06:05:37,2026-01-21 07:45:38,NO
1768972681,2026-01-21 05:18:01,2026-01-21 02:18:01,Puyehue-Cordon Caulle,VIIRS375,0.9,8.1,ALERTA_TERMICA,Muy Bajo,imagenes_satelitales/Puyehue-Cordon Caulle/2026-01-21/05-18-01_Puyehue-Cordon Caulle_VIIRS375_Latest.png,2026-01-21 06:35:50,2026-01-21 09:15:40,NO
1768972321,2026-01-21 05:12:01,2026-01-21 02:12:01,Lastarria,VIIRS375,0.07,2.4,ALERTA_TERMICA,Muy Bajo,imagenes_satelitales/Lastarria/2026-01-21/05-12-01_Lastarria_VIIRS375_Latest.png,2026-01-21 06:35:50,2026-01-21 09:15:40,NO
1768887361,2026-01-20 05:36:01,2026-01-20 02:36:01,Puyehue-Cordon Caulle,VIIRS375,0.98,8.1,ALERTA_TERMICA,Muy Bajo,imagenes_satelitales/Puyehue-Cordon Caulle/2026-01-20/05-36-01_Puyehue-Cordon Caulle_VIIRS375_Latest.png,2026-01-20 06:15:34,2026-01-20 08:30:41,NO
1768887361,2026-01-20 05:36:01,2026-01-20 02:36:01,Chaiten,VIIRS,0.33,0.0,ALERTA_TERMICA,Muy Bajo,imagenes_satelitales/Chaiten/2026-01-20/05-36-01_Chaiten_VIIRS750_Latest.png,2026-01-20 05:45:38,2026-01-20 07:15:39,NO
1768887361,2026-01-20 05:36:01,2026-01-20 02:36:01,PlanchonPeteroa,VIIRS375,0.14,2.02,ALERTA_TERMICA,Muy Bajo,imagenes_satelitales/PlanchonPeteroa/2026-01-20/05-36-01_PlanchonPeteroa_VIIRS375_Latest.png,2026-01-20 06:15:34,2026-01-20 18:45:40,NO
1768887361,2026-01-20 05:36:01,2026-01-20 02:36:01,Lastarria,VIIRS375,0.12,2.4,ALERTA_TERMICA,Muy Bajo,imagenes_satelitales/Lastarria/2026-01-20/05-36-01_Lastarria_VIIRS375_Latest.png,2026-01-20 06:15:34,2026-01-20 19:15:41,NO
1768887361,2026-01-20 05:36:01,2026-01-20 02:36:01,Puyehue-Cordon Caulle,VIIRS,1.11,7.83,ALERTA_TERMICA,Bajo,imagenes_satelitales/Puyehue-Cordon Caulle/2026-01-20/05-36-01_Puyehue-Cordon Caulle_VIIRS750_Latest.png,2026-01-20 05:45:38,2026-01-20 07:15:39,NO
1768887361,2026-01-20 05:36:01,2026-01-20 02:36:01,Chaiten,VIIRS375,0.26,0.38,ALERTA_TERMICA,Muy Bajo,imagenes_satelitales/Chaiten/2026-01-20/05-36-01_Chaiten_VIIRS375_Latest.png,2026-01-20 06:30:42,2026-01-20 08:30:41,NO
1768802401,2026-01-19 06:00:01,2026-01-19 03:00:01,Chaiten,VIIRS375,0.22,0.38,ALERTA_TERMICA,Muy Bajo,imagenes_satelitales/Chaiten/2026-01-19/06-00-01_Chaiten_VIIRS375_Latest.png,2026-01-19 06:32:37,2026-01-19 17:45:38,NO
1768802041,2026-01-19 05:54:01,2026-01-19 02:54:01,PlanchonPeteroa,VIIRS375,0.09,2.02,ALERTA_TERMICA,Muy Bajo,imagenes_satelitales/PlanchonPeteroa/2026-01-19/05-54-01_PlanchonPeteroa_VIIRS375_Latest.png,2026-01-19 06:17:34,2026-01-19 17:45:38,NO
1768802041,2026-01-19 05:54:01,2026-01-19 02:54:01,Lastarria,VIIRS375,0.14,2.4,ALERTA_TERMICA,Muy Bajo,imagenes_satelitales/Lastarria/2026-01-19/05-54-01_Lastarria_VIIRS375_Latest.png,2026-01-19 06:17:34,2026-01-19 18:30:39,NO
1768802041,2026-01-19 05:54:01,2026-01-19 02:54:01,Villarrica,VIIRS375,0.09,0.84,ALERTA_TERMICA,Muy Bajo,imagenes_satelitales/Villarrica/2026-01-19/05-54-01_Villarrica_VIIRS375_Latest.png,2026-01-19 06:32:37,2026-01-19 17:45:38,NO
1768800960,2026-01-19 05:36:00,2026-01-19 02:36:00,Puyehue-Cordon Caulle,VIIRS375,0.48,7.73,ALERTA_TERMICA,Muy Bajo,imagenes_satelitales/Puyehue-Cordon Caulle/2026-01-19/05-36-00_Puyehue-Cordon Caulle_VIIRS375_Latest.png,2026-01-19 07:02:36,2026-01-19 17:30:38,NO
1768717081,2026-01-18 06:18:01,2026-01-18 03:18:01,Puyehue-Cordon Caulle,VIIRS375,0.25,7.73,ALERTA_TERMICA,Muy Bajo,imagenes_satelitales/Puyehue-Cordon Caulle/2026-01-18/06-18-01_Puyehue-Cordon Caulle_VIIRS375_Latest.png,2026-01-18 20:39:33,2026-01-18 21:16:33,NO
1768716721,2026-01-18 06:12:01,2026-01-18 03:12:01,Lastarria,VIIRS375,0.07,1.55,ALERTA_TERMICA,Muy Bajo,imagenes_satelitales/Lastarria/2026-01-18/06-12-01_Lastarria_VIIRS375_Latest.png,2026-01-18 20:39:33,2026-01-18 21:16:33,NO
1768540321,2026-01-16 05:12:01,2026-01-16 02:12:01,Puyehue-Cordon Caulle,VIIRS375,0.32,8.19,ALERTA_TERMICA,Muy Bajo,imagenes_satelitales/Puyehue-Cordon Caulle/2026-01-16/05-12-01_Puyehue-Cordon Caulle_VIIRS375_Latest.png,2026-01-16 14:04:34,2026-01-16 15:00:35,NO
1768540321,2026-01-16 05:12:01,2026-01-16 02:12:01,Puyehue-Cordon Caulle,VIIRS,0.58,8.55,ALERTA_TERMICA,Muy Bajo,imagenes_satelitales/Puyehue-Cordon Caulle/2026-01-16/05-12-01_Puyehue-Cordon Caulle_VIIRS750_Latest.png,2026-01-16 05:32:45,2026-01-16 07:30:37,NO
1768454641,2026-01-15 05:24:01,2026-01-15 02:24:01,Lascar,VIIRS,1.31,1.68,ALERTA_TERMICA,Bajo,imagenes_satelitales/Lascar/2026-01-15/05-24-01_Lascar_VIIRS750_Latest.png,2026-01-15 05:35:40,2026-01-15 17:28:19,NO
1768454641,2026-01-15 05:24:01,2026-01-15 02:24:01,Lascar,VIIRS375,0.85,1.19,ALERTA_TERMICA,Muy Bajo,imagenes_satelitales/Lascar/2026-01-15/05-24-01_Lascar_VIIRS375_Latest.png,2026-01-15 06:07:26,2026-01-16 06:30:35,NO
1768441500,2026-01-15 01:45:00,2026-01-14 22:45:00,Lascar,MODIS,0.89,1.0,ALERTA_TERMICA,Bajo,imagenes_satelitales/Lascar/2026-01-15/01-45-00_Lascar_MODIS_Latest.png,2026-01-15 01:07:33,2026-01-15 07:00:26,NO
1768369681,2026-01-14 05:48:01,2026-01-14 02:48:01,Lastarria,VIIRS375,0.07,2.4,ALERTA_TERMICA,Bajo,imagenes_satelitales/Lastarria/2026-01-14/05-48-01_Lastarria_VIIRS375_Latest.png,2026-01-14 18:00:31,2026-01-14 18:00:31,NO
1768369681,2026-01-14 05:48:01,2026-01-14 02:48:01,Lascar,VIIRS,1.21,1.68,ALERTA_TERMICA,Bajo,imagenes_satelitales/Lascar/2026-01-14/05-48-01_Lascar_VIIRS750_Latest.png,2026-01-14 18:14:26,2026-01-14 18:14:26,NO
1768369681,2026-01-14 05:48:01,2026-01-14 02:48:01,Puyehue-Cordon Caulle,VIIRS375,0.62,8.1,ALERTA_TERMICA,Bajo,imagenes_satelitales/Puyehue-Cordon Caulle/2026-01-14/05-48-01_Puyehue-Cordon Caulle_VIIRS375_Latest.png,2026-01-14 18:00:31,2026-01-14 18:00:31,NO
1768369681,2026-01-14 05:48:01,2026-01-14 02:48:01,Villarrica,VIIRS375,0.07,0.84,ALERTA_TERMICA,Bajo,imagenes_satelitales/Villarrica/2026-01-14/05-48-01_Villarrica_VIIRS375_Latest.png,2026-01-14 18:00:31,2026-01-14 18:00:31,NO
1768327920,2026-01-13 18:12:00,2026-01-13 15:12:00,Isluga,VIIRS375,0.23,2.52,ALERTA_TERMICA,Bajo,imagenes_satelitales/Isluga/2026-01-13/18-12-00_Isluga_VIIRS375_Latest.png,2026-01-13 18:40:24,2026-01-13 19:40:22,NO
1768284721,2026-01-13 06:12:01,2026-01-13 03:12:01,Puyehue-Cordon Caulle,VIIRS375,1.06,8.19,ALERTA_TERMICA,Bajo,No descargada,2026-01-13 08:45:27,2026-01-13 18:30:24,NO
1768284721,2026-01-13 06:12:01,2026-01-13 03:12:01,Puyehue-Cordon Caulle,VIIRS,1.07,8.55,ALERTA_TERMICA,Bajo,No descargada,2026-01-13 08:45:27,2026-01-13 18:30:24,NO
1768284361,2026-01-13 06:06:01,2026-01-13 03:06:01,Lascar,VIIRS375,0.52,1.55,ALERTA_TERMICA,Bajo,imagenes_satelitales/Lascar/2026-01-13/06-06-01_Lascar_VIIRS375_Latest.png,2026-01-13 08:45:27,2026-01-13 18:30:24,NO
1768284361,2026-01-13 06:06:01,2026-01-13 03:06:01,Peteroa,VIIRS375,0.05,1.68,ALERTA_TERMICA,Bajo,No descargada,2026-01-13 08:45:27,2026-01-13 18:30:24,NO
1768284361,2026-01-13 06:06:01,2026-01-13 03:06:01,Lascar,VIIRS,0.32,1.5,ALERTA_TERMICA,Bajo,imagenes_satelitales/Lascar/2026-01-13/06-06-01_Lascar_VIIRS750_Latest.png,2026-01-13 08:45:27,2026-01-13 18:30:24,NO
1768284361,2026-01-13 06:06:01,2026-01-13 03:06:01,Lastarria,VIIRS375,0.13,2.4,ALERTA_TERMICA,Bajo,imagenes_satelitales/Lastarria/2026-01-13/06-06-01_Lastarria_VIIRS375_Latest.png,2026-01-13 08:45:27,2026-01-13 18:30:24,NO
1768283280,2026-01-13 05:48:00,2026-01-13 02:48:00,Villarrica,VIIRS375,0.05,0.84,ALERTA_TERMICA,Bajo,imagenes_satelitales/Villarrica/2026-01-13/05-48-00_Villarrica_VIIRS375_Latest.png,2026-01-13 09:45:29,2026-01-13 18:30:24,NO
1768269600,2026-01-13 02:00:00,2026-01-12 23:00:00,Lascar,MODIS,0.63,1.0,ALERTA_TERMICA,Bajo,imagenes_satelitales/Lascar/2026-01-13/02-00-00_Lascar_MODIS_Latest.png,2026-01-13 01:00:31,2026-01-13 16:30:30,NO
1768199401,2026-01-12 06:30:01,2026-01-12 03:30:01,Puyehue-Cordon Caulle,VIIRS375,0.28,8.1,ALERTA_TERMICA,Bajo,No descargada,2026-01-12 14:46:12,2026-01-12 19:15:26,NO
1768199041,2026-01-12 06:24:01,2026-01-12 03:24:01,Lascar,VIIRS375,0.62,5.0,ALERTA_TERMICA,Bajo,imagenes_satelitales/Lascar/2026-01-12/06-24-01_Lascar_VIIRS375_Latest.png,2026-01-12 14:46:12,2026-01-12 17:15:28,NO
1768112640,2026-01-11 06:24:00,2026-01-11 03:24:00,Lastarria,VIIRS375,0.15,1.55,ALERTA_TERMICA,Bajo,imagenes_satelitales/Lastarria/2026-01-11/06-24-00_Lastarria_VIIRS375_VRP.png,,,NO
1768112640,2026-01-11 06:24:00,2026-01-11 03:24:00,Lascar,VIIRS375,0.04,1.19,ALERTA_TERMICA,Bajo,imagenes_satelitales/Lascar/2026-01-11/06-24-00_Lascar_VIIRS375_VRP.png,,,NO
1768107961,2026-01-11 05:06:01,2026-01-11 02:06:01,Puyehue-Cordon Caulle,VIIRS375,0.25,8.19,ALERTA_TERMICA,Bajo,imagenes_satelitales/Puyehue-Cordon Caulle/2026-01-11/05-06-01_Puyehue-Cordon Caulle_VIIRS375_VRP.png,,,NO
1768107601,2026-01-11 05:00:01,2026-01-11 02:00:01,Lascar,VIIRS,0.27,0.75,ALERTA_TERMICA,Bajo,imagenes_satelitales/Lascar/2026-01-11/05-00-01_Lascar_VIIRS750_VRP.png,,,NO
1768107601,2026-01-11 05:00:01,2026-01-11 02:00:01,Lascar,VIIRS375,0.51,1.5,ALERTA_TERMICA,Bajo,imagenes_satelitales/Lascar/2026-01-11/05-00-01_Lascar_VIIRS375_VRP.png,,,NO
